file,line,type,commit,author,date,time,timezone,datetime,depth,length
style.css,1,css,de007fff,Marvell-Suhali,2026-04-12,20:46:11,-07:00,2026-04-12T20:46:11-07:00,0,4
style.css,2,css,de007fff,Marvell-Suhali,2026-04-12,20:46:11,-07:00,2026-04-12T20:46:11-07:00,1,31
style.css,3,css,de007fff,Marvell-Suhali,2026-04-12,20:46:11,-07:00,2026-04-12T20:46:11-07:00,1,32
style.css,4,css,55f1e847,Marvell-Suhali,2026-04-17,15:04:39,-07:00,2026-04-17T15:04:39-07:00,1,23
style.css,5,css,de007fff,Marvell-Suhali,2026-04-12,20:46:11,-07:00,2026-04-12T20:46:11-07:00,0,0
style.css,6,css,de007fff,Marvell-Suhali,2026-04-12,20:46:11,-07:00,2026-04-12T20:46:11-07:00,0,0
style.css,7,css,4b434ae4,Marvell-Suhali,2026-04-03,19:11:37,-07:00,2026-04-03T19:11:37-07:00,0,4
style.css,8,css,60e2b417,Marvell-Suhali,2026-04-03,19:25:47,-07:00,2026-04-03T19:25:47-07:00,1,48
style.css,9,css,70ac688a,Marvell-Suhali,2026-04-03,19:17:10,-07:00,2026-04-03T19:17:10-07:00,1,8
style.css,10,css,60e2b417,Marvell-Suhali,2026-04-03,19:25:47,-07:00,2026-04-03T19:25:47-07:00,1,12
style.css,11,css,de007fff,Marvell-Suhali,2026-04-12,20:46:11,-07:00,2026-04-12T20:46:11-07:00,1,15
style.css,12,css,de007fff,Marvell-Suhali,2026-04-12,20:46:11,-07:00,2026-04-12T20:46:11-07:00,1,18
style.css,13,css,55f1e847,Marvell-Suhali,2026-04-17,15:04:39,-07:00,2026-04-17T15:04:39-07:00,1,16
style.css,14,css,55f1e847,Marvell-Suhali,2026-04-17,15:04:39,-07:00,2026-04-17T15:04:39-07:00,1,23
style.css,15,css,70ac688a,Marvell-Suhali,2026-04-03,19:17:10,-07:00,2026-04-03T19:17:10-07:00,0,0
style.css,16,css,70ac688a,Marvell-Suhali,2026-04-03,19:17:10,-07:00,2026-04-03T19:17:10-07:00,0,0
style.css,17,css,70ac688a,Marvell-Suhali,2026-04-03,19:17:10,-07:00,2026-04-03T19:17:10-07:00,0,3
style.css,18,css,55f1e847,Marvell-Suhali,2026-04-17,15:04:39,-07:00,2026-04-17T15:04:39-07:00,1,39
style.css,19,css,de007fff,Marvell-Suhali,2026-04-12,20:46:11,-07:00,2026-04-12T20:46:11-07:00,1,12
style.css,20,css,60e2b417,Marvell-Suhali,2026-04-03,19:25:47,-07:00,2026-04-03T19:25:47-07:00,1,18
style.css,21,css,55f1e847,Marvell-Suhali,2026-04-17,15:04:39,-07:00,2026-04-17T15:04:39-07:00,1,43
style.css,22,css,70ac688a,Marvell-Suhali,2026-04-03,19:17:10,-07:00,2026-04-03T19:17:10-07:00,0,0
style.css,23,css,70ac688a,Marvell-Suhali,2026-04-03,19:17:10,-07:00,2026-04-03T19:17:10-07:00,0,0
style.css,24,css,70ac688a,Marvell-Suhali,2026-04-03,19:17:10,-07:00,2026-04-03T19:17:10-07:00,0,5
style.css,25,css,de007fff,Marvell-Suhali,2026-04-12,20:46:11,-07:00,2026-04-12T20:46:11-07:00,1,6
style.css,26,css,de007fff,Marvell-Suhali,2026-04-12,20:46:11,-07:00,2026-04-12T20:46:11-07:00,1,17
style.css,27,css,70ac688a,Marvell-Suhali,2026-04-03,19:17:10,-07:00,2026-04-03T19:17:10-07:00,1,20
style.css,28,css,60e2b417,Marvell-Suhali,2026-04-03,19:25:47,-07:00,2026-04-03T19:25:47-07:00,1,13
style.css,29,css,de007fff,Marvell-Suhali,2026-04-12,20:46:11,-07:00,2026-04-12T20:46:11-07:00,1,13
style.css,30,css,60e2b417,Marvell-Suhali,2026-04-03,19:25:47,-07:00,2026-04-03T19:25:47-07:00,1,15
style.css,31,css,70ac688a,Marvell-Suhali,2026-04-03,19:17:10,-07:00,2026-04-03T19:17:10-07:00,0,0
style.css,32,css,70ac688a,Marvell-Suhali,2026-04-03,19:17:10,-07:00,2026-04-03T19:17:10-07:00,0,0
style.css,33,css,de007fff,Marvell-Suhali,2026-04-12,20:46:11,-07:00,2026-04-12T20:46:11-07:00,0,13
style.css,34,css,55f1e847,Marvell-Suhali,2026-04-17,15:04:39,-07:00,2026-04-17T15:04:39-07:00,1,45
style.css,35,css,de007fff,Marvell-Suhali,2026-04-12,20:46:11,-07:00,2026-04-12T20:46:11-07:00,1,20
style.css,36,css,de007fff,Marvell-Suhali,2026-04-12,20:46:11,-07:00,2026-04-12T20:46:11-07:00,0,0
style.css,37,css,de007fff,Marvell-Suhali,2026-04-12,20:46:11,-07:00,2026-04-12T20:46:11-07:00,0,0
style.css,38,css,70ac688a,Marvell-Suhali,2026-04-03,19:17:10,-07:00,2026-04-03T19:17:10-07:00,0,11
style.css,39,css,de007fff,Marvell-Suhali,2026-04-12,20:46:11,-07:00,2026-04-12T20:46:11-07:00,1,45
style.css,40,css,55f1e847,Marvell-Suhali,2026-04-17,15:04:39,-07:00,2026-04-17T15:04:39-07:00,1,69
style.css,41,css,70ac688a,Marvell-Suhali,2026-04-03,19:17:10,-07:00,2026-04-03T19:17:10-07:00,0,0
style.css,42,css,70ac688a,Marvell-Suhali,2026-04-03,19:17:10,-07:00,2026-04-03T19:17:10-07:00,0,0
style.css,43,css,60e2b417,Marvell-Suhali,2026-04-03,19:25:47,-07:00,2026-04-03T19:25:47-07:00,0,2
style.css,44,css,de007fff,Marvell-Suhali,2026-04-12,20:46:11,-07:00,2026-04-12T20:46:11-07:00,1,14
style.css,45,css,60e2b417,Marvell-Suhali,2026-04-03,19:25:47,-07:00,2026-04-03T19:25:47-07:00,1,18
style.css,46,css,de007fff,Marvell-Suhali,2026-04-12,20:46:11,-07:00,2026-04-12T20:46:11-07:00,1,15
style.css,47,css,de007fff,Marvell-Suhali,2026-04-12,20:46:11,-07:00,2026-04-12T20:46:11-07:00,1,17
style.css,48,css,4b434ae4,Marvell-Suhali,2026-04-03,19:11:37,-07:00,2026-04-03T19:11:37-07:00,0,0
style.css,49,css,4b434ae4,Marvell-Suhali,2026-04-03,19:11:37,-07:00,2026-04-03T19:11:37-07:00,0,0
style.css,50,css,60e2b417,Marvell-Suhali,2026-04-03,19:25:47,-07:00,2026-04-03T19:25:47-07:00,0,2
style.css,51,css,60e2b417,Marvell-Suhali,2026-04-03,19:25:47,-07:00,2026-04-03T19:25:47-07:00,1,15
style.css,52,css,de007fff,Marvell-Suhali,2026-04-12,20:46:11,-07:00,2026-04-12T20:46:11-07:00,1,15
style.css,53,css,de007fff,Marvell-Suhali,2026-04-12,20:46:11,-07:00,2026-04-12T20:46:11-07:00,1,17
style.css,54,css,4b434ae4,Marvell-Suhali,2026-04-03,19:11:37,-07:00,2026-04-03T19:11:37-07:00,0,0
style.css,55,css,70ac688a,Marvell-Suhali,2026-04-03,19:17:10,-07:00,2026-04-03T19:17:10-07:00,0,0
style.css,56,css,70ac688a,Marvell-Suhali,2026-04-03,19:17:10,-07:00,2026-04-03T19:17:10-07:00,0,7
style.css,57,css,55f1e847,Marvell-Suhali,2026-04-17,15:04:39,-07:00,2026-04-17T15:04:39-07:00,1,52
style.css,58,css,60e2b417,Marvell-Suhali,2026-04-03,19:25:47,-07:00,2026-04-03T19:25:47-07:00,1,12
style.css,59,css,60e2b417,Marvell-Suhali,2026-04-03,19:25:47,-07:00,2026-04-03T19:25:47-07:00,1,18
style.css,60,css,60e2b417,Marvell-Suhali,2026-04-03,19:25:47,-07:00,2026-04-03T19:25:47-07:00,1,18
style.css,61,css,de007fff,Marvell-Suhali,2026-04-12,20:46:11,-07:00,2026-04-12T20:46:11-07:00,1,40
style.css,62,css,70ac688a,Marvell-Suhali,2026-04-03,19:17:10,-07:00,2026-04-03T19:17:10-07:00,0,0
style.css,63,css,70ac688a,Marvell-Suhali,2026-04-03,19:17:10,-07:00,2026-04-03T19:17:10-07:00,0,0
style.css,64,css,60e2b417,Marvell-Suhali,2026-04-03,19:25:47,-07:00,2026-04-03T19:25:47-07:00,0,3
style.css,65,css,de007fff,Marvell-Suhali,2026-04-12,20:46:11,-07:00,2026-04-12T20:46:11-07:00,1,14
style.css,66,css,60e2b417,Marvell-Suhali,2026-04-03,19:25:47,-07:00,2026-04-03T19:25:47-07:00,1,18
style.css,67,css,60e2b417,Marvell-Suhali,2026-04-03,19:25:47,-07:00,2026-04-03T19:25:47-07:00,1,18
style.css,68,css,caebf6e3,Marvell-Suhali,2026-04-12,20:52:46,-07:00,2026-04-12T20:52:46-07:00,1,13
style.css,69,css,de007fff,Marvell-Suhali,2026-04-12,20:46:11,-07:00,2026-04-12T20:46:11-07:00,0,0
style.css,70,css,de007fff,Marvell-Suhali,2026-04-12,20:46:11,-07:00,2026-04-12T20:46:11-07:00,0,0
style.css,71,css,de007fff,Marvell-Suhali,2026-04-12,20:46:11,-07:00,2026-04-12T20:46:11-07:00,0,9
style.css,72,css,de007fff,Marvell-Suhali,2026-04-12,20:46:11,-07:00,2026-04-12T20:46:11-07:00,1,12
style.css,73,css,de007fff,Marvell-Suhali,2026-04-12,20:46:11,-07:00,2026-04-12T20:46:11-07:00,1,58
style.css,74,css,de007fff,Marvell-Suhali,2026-04-12,20:46:11,-07:00,2026-04-12T20:46:11-07:00,1,7
style.css,75,css,de007fff,Marvell-Suhali,2026-04-12,20:46:11,-07:00,2026-04-12T20:46:11-07:00,0,0
style.css,76,css,de007fff,Marvell-Suhali,2026-04-12,20:46:11,-07:00,2026-04-12T20:46:11-07:00,0,0
style.css,77,css,de007fff,Marvell-Suhali,2026-04-12,20:46:11,-07:00,2026-04-12T20:46:11-07:00,0,17
style.css,78,css,55f1e847,Marvell-Suhali,2026-04-17,15:04:39,-07:00,2026-04-17T15:04:39-07:00,1,52
style.css,79,css,de007fff,Marvell-Suhali,2026-04-12,20:46:11,-07:00,2026-04-12T20:46:11-07:00,1,12
style.css,80,css,de007fff,Marvell-Suhali,2026-04-12,20:46:11,-07:00,2026-04-12T20:46:11-07:00,1,18
style.css,81,css,caebf6e3,Marvell-Suhali,2026-04-12,20:52:46,-07:00,2026-04-12T20:52:46-07:00,1,40
style.css,82,css,f1356216,Marvell-Suhali,2026-04-12,20:55:48,-07:00,2026-04-12T20:55:48-07:00,1,12
style.css,83,css,f1356216,Marvell-Suhali,2026-04-12,20:55:48,-07:00,2026-04-12T20:55:48-07:00,1,21
style.css,84,css,de007fff,Marvell-Suhali,2026-04-12,20:46:11,-07:00,2026-04-12T20:46:11-07:00,0,0
style.css,85,css,de007fff,Marvell-Suhali,2026-04-12,20:46:11,-07:00,2026-04-12T20:46:11-07:00,0,0
style.css,86,css,de007fff,Marvell-Suhali,2026-04-12,20:46:11,-07:00,2026-04-12T20:46:11-07:00,0,12
style.css,87,css,caebf6e3,Marvell-Suhali,2026-04-12,20:52:46,-07:00,2026-04-12T20:52:46-07:00,1,18
style.css,88,css,caebf6e3,Marvell-Suhali,2026-04-12,20:52:46,-07:00,2026-04-12T20:52:46-07:00,0,0
style.css,89,css,caebf6e3,Marvell-Suhali,2026-04-12,20:52:46,-07:00,2026-04-12T20:52:46-07:00,0,0
style.css,90,css,caebf6e3,Marvell-Suhali,2026-04-12,20:52:46,-07:00,2026-04-12T20:52:46-07:00,0,13
style.css,91,css,caebf6e3,Marvell-Suhali,2026-04-12,20:52:46,-07:00,2026-04-12T20:52:46-07:00,1,10
style.css,92,css,caebf6e3,Marvell-Suhali,2026-04-12,20:52:46,-07:00,2026-04-12T20:52:46-07:00,1,11
style.css,93,css,caebf6e3,Marvell-Suhali,2026-04-12,20:52:46,-07:00,2026-04-12T20:52:46-07:00,1,13
style.css,94,css,caebf6e3,Marvell-Suhali,2026-04-12,20:52:46,-07:00,2026-04-12T20:52:46-07:00,1,17
style.css,95,css,de007fff,Marvell-Suhali,2026-04-12,20:46:11,-07:00,2026-04-12T20:46:11-07:00,0,0
style.css,96,css,de007fff,Marvell-Suhali,2026-04-12,20:46:11,-07:00,2026-04-12T20:46:11-07:00,0,0
style.css,97,css,f1356216,Marvell-Suhali,2026-04-12,20:55:48,-07:00,2026-04-12T20:55:48-07:00,0,11
style.css,98,css,f1356216,Marvell-Suhali,2026-04-12,20:55:48,-07:00,2026-04-12T20:55:48-07:00,1,15
style.css,99,css,f1356216,Marvell-Suhali,2026-04-12,20:55:48,-07:00,2026-04-12T20:55:48-07:00,0,0
style.css,100,css,f1356216,Marvell-Suhali,2026-04-12,20:55:48,-07:00,2026-04-12T20:55:48-07:00,0,0
style.css,101,css,f1356216,Marvell-Suhali,2026-04-12,20:55:48,-07:00,2026-04-12T20:55:48-07:00,0,23
style.css,102,css,f1356216,Marvell-Suhali,2026-04-12,20:55:48,-07:00,2026-04-12T20:55:48-07:00,1,26
style.css,103,css,f1356216,Marvell-Suhali,2026-04-12,20:55:48,-07:00,2026-04-12T20:55:48-07:00,1,15
style.css,104,css,f1356216,Marvell-Suhali,2026-04-12,20:55:48,-07:00,2026-04-12T20:55:48-07:00,0,0
style.css,105,css,f1356216,Marvell-Suhali,2026-04-12,20:55:48,-07:00,2026-04-12T20:55:48-07:00,0,0
style.css,106,css,55f1e847,Marvell-Suhali,2026-04-17,15:04:39,-07:00,2026-04-17T15:04:39-07:00,0,13
style.css,107,css,55f1e847,Marvell-Suhali,2026-04-17,15:04:39,-07:00,2026-04-17T15:04:39-07:00,1,17
style.css,108,css,55f1e847,Marvell-Suhali,2026-04-17,15:04:39,-07:00,2026-04-17T15:04:39-07:00,1,8
style.css,109,css,55f1e847,Marvell-Suhali,2026-04-17,15:04:39,-07:00,2026-04-17T15:04:39-07:00,1,10
style.css,110,css,55f1e847,Marvell-Suhali,2026-04-17,15:04:39,-07:00,2026-04-17T15:04:39-07:00,1,13
style.css,111,css,55f1e847,Marvell-Suhali,2026-04-17,15:04:39,-07:00,2026-04-17T15:04:39-07:00,0,0
style.css,112,css,55f1e847,Marvell-Suhali,2026-04-17,15:04:39,-07:00,2026-04-17T15:04:39-07:00,0,0
style.css,113,css,de007fff,Marvell-Suhali,2026-04-12,20:46:11,-07:00,2026-04-12T20:46:11-07:00,0,4
style.css,114,css,de007fff,Marvell-Suhali,2026-04-12,20:46:11,-07:00,2026-04-12T20:46:11-07:00,0,7
style.css,115,css,55f1e847,Marvell-Suhali,2026-04-17,15:04:39,-07:00,2026-04-17T15:04:39-07:00,0,5
style.css,116,css,55f1e847,Marvell-Suhali,2026-04-17,15:04:39,-07:00,2026-04-17T15:04:39-07:00,0,6
style.css,117,css,de007fff,Marvell-Suhali,2026-04-12,20:46:11,-07:00,2026-04-12T20:46:11-07:00,1,12
style.css,118,css,de007fff,Marvell-Suhali,2026-04-12,20:46:11,-07:00,2026-04-12T20:46:11-07:00,0,0
style.css,119,css,de007fff,Marvell-Suhali,2026-04-12,20:46:11,-07:00,2026-04-12T20:46:11-07:00,0,0
style.css,120,css,de007fff,Marvell-Suhali,2026-04-12,20:46:11,-07:00,2026-04-12T20:46:11-07:00,0,4
style.css,121,css,de007fff,Marvell-Suhali,2026-04-12,20:46:11,-07:00,2026-04-12T20:46:11-07:00,1,12
style.css,122,css,de007fff,Marvell-Suhali,2026-04-12,20:46:11,-07:00,2026-04-12T20:46:11-07:00,1,30
style.css,123,css,de007fff,Marvell-Suhali,2026-04-12,20:46:11,-07:00,2026-04-12T20:46:11-07:00,1,7
style.css,124,css,de007fff,Marvell-Suhali,2026-04-12,20:46:11,-07:00,2026-04-12T20:46:11-07:00,0,0
style.css,125,css,de007fff,Marvell-Suhali,2026-04-12,20:46:11,-07:00,2026-04-12T20:46:11-07:00,0,0
style.css,126,css,de007fff,Marvell-Suhali,2026-04-12,20:46:11,-07:00,2026-04-12T20:46:11-07:00,0,10
style.css,127,css,de007fff,Marvell-Suhali,2026-04-12,20:46:11,-07:00,2026-04-12T20:46:11-07:00,1,12
style.css,128,css,de007fff,Marvell-Suhali,2026-04-12,20:46:11,-07:00,2026-04-12T20:46:11-07:00,1,29
style.css,129,css,de007fff,Marvell-Suhali,2026-04-12,20:46:11,-07:00,2026-04-12T20:46:11-07:00,1,18
style.css,130,css,de007fff,Marvell-Suhali,2026-04-12,20:46:11,-07:00,2026-04-12T20:46:11-07:00,0,0
style.css,131,css,de007fff,Marvell-Suhali,2026-04-12,20:46:11,-07:00,2026-04-12T20:46:11-07:00,0,0
style.css,132,css,de007fff,Marvell-Suhali,2026-04-12,20:46:11,-07:00,2026-04-12T20:46:11-07:00,0,11
style.css,133,css,de007fff,Marvell-Suhali,2026-04-12,20:46:11,-07:00,2026-04-12T20:46:11-07:00,1,18
style.css,134,css,3a5a432a,Marvell-Suhali,2026-04-25,18:04:17,-07:00,2026-04-25T18:04:17-07:00,0,0
style.css,135,css,3a5a432a,Marvell-Suhali,2026-04-25,18:04:17,-07:00,2026-04-25T18:04:17-07:00,0,0
style.css,136,css,3a5a432a,Marvell-Suhali,2026-04-25,18:04:17,-07:00,2026-04-25T18:04:17-07:00,0,12
style.css,137,css,3a5a432a,Marvell-Suhali,2026-04-25,18:04:17,-07:00,2026-04-25T18:04:17-07:00,1,12
style.css,138,css,3a5a432a,Marvell-Suhali,2026-04-25,18:04:17,-07:00,2026-04-25T18:04:17-07:00,1,8
style.css,139,css,3a5a432a,Marvell-Suhali,2026-04-25,18:04:17,-07:00,2026-04-25T18:04:17-07:00,1,15
style.css,140,css,3a5a432a,Marvell-Suhali,2026-04-25,18:04:17,-07:00,2026-04-25T18:04:17-07:00,0,0
style.css,141,css,3a5a432a,Marvell-Suhali,2026-04-25,18:04:17,-07:00,2026-04-25T18:04:17-07:00,0,0
style.css,142,css,3a5a432a,Marvell-Suhali,2026-04-25,18:04:17,-07:00,2026-04-25T18:04:17-07:00,0,16
style.css,143,css,3a5a432a,Marvell-Suhali,2026-04-25,18:04:17,-07:00,2026-04-25T18:04:17-07:00,1,17
style.css,144,css,3a5a432a,Marvell-Suhali,2026-04-25,18:04:17,-07:00,2026-04-25T18:04:17-07:00,0,0
style.css,145,css,3a5a432a,Marvell-Suhali,2026-04-25,18:04:17,-07:00,2026-04-25T18:04:17-07:00,0,0
style.css,146,css,3a5a432a,Marvell-Suhali,2026-04-25,18:04:17,-07:00,2026-04-25T18:04:17-07:00,0,14
style.css,147,css,3a5a432a,Marvell-Suhali,2026-04-25,18:04:17,-07:00,2026-04-25T18:04:17-07:00,1,8
style.css,148,css,3a5a432a,Marvell-Suhali,2026-04-25,18:04:17,-07:00,2026-04-25T18:04:17-07:00,0,0
style.css,149,css,3a5a432a,Marvell-Suhali,2026-04-25,18:04:17,-07:00,2026-04-25T18:04:17-07:00,0,0
style.css,150,css,3a5a432a,Marvell-Suhali,2026-04-25,18:04:17,-07:00,2026-04-25T18:04:17-07:00,0,15
style.css,151,css,3a5a432a,Marvell-Suhali,2026-04-25,18:04:17,-07:00,2026-04-25T18:04:17-07:00,1,17
style.css,152,css,77016a0d,Marvell-Suhali,2026-05-01,20:41:54,-07:00,2026-05-01T20:41:54-07:00,0,0
style.css,153,css,77016a0d,Marvell-Suhali,2026-05-01,20:41:54,-07:00,2026-05-01T20:41:54-07:00,0,10
style.css,154,css,77016a0d,Marvell-Suhali,2026-05-01,20:41:54,-07:00,2026-05-01T20:41:54-07:00,1,10
style.css,155,css,77016a0d,Marvell-Suhali,2026-05-01,20:41:54,-07:00,2026-05-01T20:41:54-07:00,1,14
style.css,156,css,77016a0d,Marvell-Suhali,2026-05-01,20:41:54,-07:00,2026-05-01T20:41:54-07:00,1,12
style.css,157,css,77016a0d,Marvell-Suhali,2026-05-01,20:41:54,-07:00,2026-05-01T20:41:54-07:00,1,16
style.css,158,css,77016a0d,Marvell-Suhali,2026-05-01,20:41:54,-07:00,2026-05-01T20:41:54-07:00,0,0
style.css,159,css,77016a0d,Marvell-Suhali,2026-05-01,20:41:54,-07:00,2026-05-01T20:41:54-07:00,0,0
style.css,160,css,77016a0d,Marvell-Suhali,2026-05-01,20:41:54,-07:00,2026-05-01T20:41:54-07:00,0,10
style.css,161,css,77016a0d,Marvell-Suhali,2026-05-01,20:41:54,-07:00,2026-05-01T20:41:54-07:00,1,12
style.css,162,css,77016a0d,Marvell-Suhali,2026-05-01,20:41:54,-07:00,2026-05-01T20:41:54-07:00,1,18
style.css,163,css,77016a0d,Marvell-Suhali,2026-05-01,20:41:54,-07:00,2026-05-01T20:41:54-07:00,1,7
style.css,164,css,77016a0d,Marvell-Suhali,2026-05-01,20:41:54,-07:00,2026-05-01T20:41:54-07:00,1,16
style.css,165,css,77016a0d,Marvell-Suhali,2026-05-01,20:41:54,-07:00,2026-05-01T20:41:54-07:00,0,0
style.css,166,css,77016a0d,Marvell-Suhali,2026-05-01,20:41:54,-07:00,2026-05-01T20:41:54-07:00,0,0
style.css,167,css,77016a0d,Marvell-Suhali,2026-05-01,20:41:54,-07:00,2026-05-01T20:41:54-07:00,0,18
style.css,168,css,77016a0d,Marvell-Suhali,2026-05-01,20:41:54,-07:00,2026-05-01T20:41:54-07:00,1,14
style.css,169,css,77016a0d,Marvell-Suhali,2026-05-01,20:41:54,-07:00,2026-05-01T20:41:54-07:00,1,16
style.css,170,css,77016a0d,Marvell-Suhali,2026-05-01,20:41:54,-07:00,2026-05-01T20:41:54-07:00,0,0
style.css,171,css,77016a0d,Marvell-Suhali,2026-05-01,20:41:54,-07:00,2026-05-01T20:41:54-07:00,0,0
style.css,172,css,77016a0d,Marvell-Suhali,2026-05-01,20:41:54,-07:00,2026-05-01T20:41:54-07:00,0,7
style.css,173,css,77016a0d,Marvell-Suhali,2026-05-01,20:41:54,-07:00,2026-05-01T20:41:54-07:00,1,6
style.css,174,css,77016a0d,Marvell-Suhali,2026-05-01,20:41:54,-07:00,2026-05-01T20:41:54-07:00,1,12
style.css,175,css,77016a0d,Marvell-Suhali,2026-05-01,20:41:54,-07:00,2026-05-01T20:41:54-07:00,1,57
style.css,176,css,77016a0d,Marvell-Suhali,2026-05-01,20:41:54,-07:00,2026-05-01T20:41:54-07:00,1,7
style.css,177,css,77016a0d,Marvell-Suhali,2026-05-01,20:41:54,-07:00,2026-05-01T20:41:54-07:00,1,11
style.css,178,css,77016a0d,Marvell-Suhali,2026-05-01,20:41:54,-07:00,2026-05-01T20:41:54-07:00,1,8
style.css,179,css,77016a0d,Marvell-Suhali,2026-05-01,20:41:54,-07:00,2026-05-01T20:41:54-07:00,1,21
style.css,180,css,77016a0d,Marvell-Suhali,2026-05-01,20:41:54,-07:00,2026-05-01T20:41:54-07:00,1,19
style.css,181,css,77016a0d,Marvell-Suhali,2026-05-01,20:41:54,-07:00,2026-05-01T20:41:54-07:00,1,15
style.css,182,css,77016a0d,Marvell-Suhali,2026-05-01,20:41:54,-07:00,2026-05-01T20:41:54-07:00,0,0
style.css,183,css,77016a0d,Marvell-Suhali,2026-05-01,20:41:54,-07:00,2026-05-01T20:41:54-07:00,0,0
style.css,184,css,77016a0d,Marvell-Suhali,2026-05-01,20:41:54,-07:00,2026-05-01T20:41:54-07:00,0,10
style.css,185,css,77016a0d,Marvell-Suhali,2026-05-01,20:41:54,-07:00,2026-05-01T20:41:54-07:00,1,12
style.css,186,css,77016a0d,Marvell-Suhali,2026-05-01,20:41:54,-07:00,2026-05-01T20:41:54-07:00,1,18
style.css,187,css,77016a0d,Marvell-Suhali,2026-05-01,20:41:54,-07:00,2026-05-01T20:41:54-07:00,1,9
style.css,188,css,77016a0d,Marvell-Suhali,2026-05-01,20:41:54,-07:00,2026-05-01T20:41:54-07:00,0,0
style.css,189,css,77016a0d,Marvell-Suhali,2026-05-01,20:41:54,-07:00,2026-05-01T20:41:54-07:00,0,0
style.css,190,css,77016a0d,Marvell-Suhali,2026-05-01,20:41:54,-07:00,2026-05-01T20:41:54-07:00,0,7
style.css,191,css,77016a0d,Marvell-Suhali,2026-05-01,20:41:54,-07:00,2026-05-01T20:41:54-07:00,1,20
style.css,192,css,77016a0d,Marvell-Suhali,2026-05-01,20:41:54,-07:00,2026-05-01T20:41:54-07:00,1,9
style.css,193,css,77016a0d,Marvell-Suhali,2026-05-01,20:41:54,-07:00,2026-05-01T20:41:54-07:00,1,18
style.css,194,css,77016a0d,Marvell-Suhali,2026-05-01,20:41:54,-07:00,2026-05-01T20:41:54-07:00,1,29
style.css,195,css,77016a0d,Marvell-Suhali,2026-05-01,20:41:54,-07:00,2026-05-01T20:41:54-07:00,1,17
style.css,196,css,77016a0d,Marvell-Suhali,2026-05-01,20:41:54,-07:00,2026-05-01T20:41:54-07:00,0,0
style.css,197,css,77016a0d,Marvell-Suhali,2026-05-01,20:41:54,-07:00,2026-05-01T20:41:54-07:00,0,0
style.css,198,css,77016a0d,Marvell-Suhali,2026-05-01,20:41:54,-07:00,2026-05-01T20:41:54-07:00,0,23
style.css,199,css,77016a0d,Marvell-Suhali,2026-05-01,20:41:54,-07:00,2026-05-01T20:41:54-07:00,1,14
style.css,200,css,77016a0d,Marvell-Suhali,2026-05-01,20:41:54,-07:00,2026-05-01T20:41:54-07:00,1,16
style.css,201,css,77016a0d,Marvell-Suhali,2026-05-01,20:41:54,-07:00,2026-05-01T20:41:54-07:00,0,0
style.css,202,css,77016a0d,Marvell-Suhali,2026-05-01,20:41:54,-07:00,2026-05-01T20:41:54-07:00,0,0
style.css,203,css,77016a0d,Marvell-Suhali,2026-05-01,20:41:54,-07:00,2026-05-01T20:41:54-07:00,0,51
style.css,204,css,77016a0d,Marvell-Suhali,2026-05-01,20:41:54,-07:00,2026-05-01T20:41:54-07:00,1,11
style.css,205,css,77016a0d,Marvell-Suhali,2026-05-01,20:41:54,-07:00,2026-05-01T20:41:54-07:00,0,0
style.css,206,css,77016a0d,Marvell-Suhali,2026-05-01,20:41:54,-07:00,2026-05-01T20:41:54-07:00,0,0
style.css,207,css,77016a0d,Marvell-Suhali,2026-05-01,20:41:54,-07:00,2026-05-01T20:41:54-07:00,0,9
style.css,208,css,77016a0d,Marvell-Suhali,2026-05-01,20:41:54,-07:00,2026-05-01T20:41:54-07:00,1,35
style.css,209,css,77016a0d,Marvell-Suhali,2026-05-01,20:41:54,-07:00,2026-05-01T20:41:54-07:00,0,0
style.css,210,css,77016a0d,Marvell-Suhali,2026-05-01,20:41:54,-07:00,2026-05-01T20:41:54-07:00,0,0
style.css,211,css,77016a0d,Marvell-Suhali,2026-05-01,20:41:54,-07:00,2026-05-01T20:41:54-07:00,0,18
style.css,212,css,77016a0d,Marvell-Suhali,2026-05-01,20:41:54,-07:00,2026-05-01T20:41:54-07:00,1,17
style.css,213,css,70ac688a,Marvell-Suhali,2026-04-03,19:17:10,-07:00,2026-04-03T19:17:10-07:00,0,0
index.js,1,js,1bc5a1fb,Marvell-Suhali,2026-04-25,17:47:46,-07:00,2026-04-25T17:47:46-07:00,0,71
index.js,2,js,1bc5a1fb,Marvell-Suhali,2026-04-25,17:47:46,-07:00,2026-04-25T17:47:46-07:00,0,0
index.js,3,js,1bc5a1fb,Marvell-Suhali,2026-04-25,17:47:46,-07:00,2026-04-25T17:47:46-07:00,0,54
index.js,4,js,1bc5a1fb,Marvell-Suhali,2026-04-25,17:47:46,-07:00,2026-04-25T17:47:46-07:00,0,0
index.js,5,js,1bc5a1fb,Marvell-Suhali,2026-04-25,17:47:46,-07:00,2026-04-25T17:47:46-07:00,0,42
index.js,6,js,1bc5a1fb,Marvell-Suhali,2026-04-25,17:47:46,-07:00,2026-04-25T17:47:46-07:00,0,0
index.js,7,js,1bc5a1fb,Marvell-Suhali,2026-04-25,17:47:46,-07:00,2026-04-25T17:47:46-07:00,0,60
index.js,8,js,1bc5a1fb,Marvell-Suhali,2026-04-25,17:47:46,-07:00,2026-04-25T17:47:46-07:00,0,0
index.js,9,js,1bc5a1fb,Marvell-Suhali,2026-04-25,17:47:46,-07:00,2026-04-25T17:47:46-07:00,0,54
index.js,10,js,1bc5a1fb,Marvell-Suhali,2026-04-25,17:47:46,-07:00,2026-04-25T17:47:46-07:00,0,0
index.js,11,js,1bc5a1fb,Marvell-Suhali,2026-04-25,17:47:46,-07:00,2026-04-25T17:47:46-07:00,0,57
index.js,12,js,1bc5a1fb,Marvell-Suhali,2026-04-25,17:47:46,-07:00,2026-04-25T17:47:46-07:00,0,0
index.js,13,js,1bc5a1fb,Marvell-Suhali,2026-04-25,17:47:46,-07:00,2026-04-25T17:47:46-07:00,0,60
index.js,14,js,1bc5a1fb,Marvell-Suhali,2026-04-25,17:47:46,-07:00,2026-04-25T17:47:46-07:00,0,0
index.js,15,js,1bc5a1fb,Marvell-Suhali,2026-04-25,17:47:46,-07:00,2026-04-25T17:47:46-07:00,0,17
index.js,16,js,1bc5a1fb,Marvell-Suhali,2026-04-25,17:47:46,-07:00,2026-04-25T17:47:46-07:00,1,24
index.js,17,js,3a5a432a,Marvell-Suhali,2026-04-25,18:04:17,-07:00,2026-04-25T18:04:17-07:00,2,23
index.js,18,js,3a5a432a,Marvell-Suhali,2026-04-25,18:04:17,-07:00,2026-04-25T18:04:17-07:00,3,3
index.js,19,js,3a5a432a,Marvell-Suhali,2026-04-25,18:04:17,-07:00,2026-04-25T18:04:17-07:00,4,10
index.js,20,js,3a5a432a,Marvell-Suhali,2026-04-25,18:04:17,-07:00,2026-04-25T18:04:17-07:00,4,33
index.js,21,js,3a5a432a,Marvell-Suhali,2026-04-25,18:04:17,-07:00,2026-04-25T18:04:17-07:00,3,4
index.js,22,js,3a5a432a,Marvell-Suhali,2026-04-25,18:04:17,-07:00,2026-04-25T18:04:17-07:00,0,0
index.js,23,js,3a5a432a,Marvell-Suhali,2026-04-25,18:04:17,-07:00,2026-04-25T18:04:17-07:00,3,3
index.js,24,js,3a5a432a,Marvell-Suhali,2026-04-25,18:04:17,-07:00,2026-04-25T18:04:17-07:00,4,14
index.js,25,js,3a5a432a,Marvell-Suhali,2026-04-25,18:04:17,-07:00,2026-04-25T18:04:17-07:00,4,30
index.js,26,js,3a5a432a,Marvell-Suhali,2026-04-25,18:04:17,-07:00,2026-04-25T18:04:17-07:00,3,4
index.js,27,js,3a5a432a,Marvell-Suhali,2026-04-25,18:04:17,-07:00,2026-04-25T18:04:17-07:00,0,0
index.js,28,js,3a5a432a,Marvell-Suhali,2026-04-25,18:04:17,-07:00,2026-04-25T18:04:17-07:00,3,3
index.js,29,js,3a5a432a,Marvell-Suhali,2026-04-25,18:04:17,-07:00,2026-04-25T18:04:17-07:00,4,14
index.js,30,js,3a5a432a,Marvell-Suhali,2026-04-25,18:04:17,-07:00,2026-04-25T18:04:17-07:00,4,30
index.js,31,js,3a5a432a,Marvell-Suhali,2026-04-25,18:04:17,-07:00,2026-04-25T18:04:17-07:00,3,4
index.js,32,js,3a5a432a,Marvell-Suhali,2026-04-25,18:04:17,-07:00,2026-04-25T18:04:17-07:00,2,4
index.js,33,js,1bc5a1fb,Marvell-Suhali,2026-04-25,17:47:46,-07:00,2026-04-25T17:47:46-07:00,1,0
index.js,34,js,1bc5a1fb,Marvell-Suhali,2026-04-25,17:47:46,-07:00,2026-04-25T17:47:46-07:00,0,0
index.html,1,html,3641ac26,Marvell-Suhali,2026-04-12,20:41:43,-07:00,2026-04-12T20:41:43-07:00,0,13
index.html,2,html,3641ac26,Marvell-Suhali,2026-04-12,20:41:43,-07:00,2026-04-12T20:41:43-07:00,0,14
index.html,3,html,3641ac26,Marvell-Suhali,2026-04-12,20:41:43,-07:00,2026-04-12T20:41:43-07:00,0,4
index.html,4,html,3641ac26,Marvell-Suhali,2026-04-12,20:41:43,-07:00,2026-04-12T20:41:43-07:00,1,20
index.html,5,html,3641ac26,Marvell-Suhali,2026-04-12,20:41:43,-07:00,2026-04-12T20:41:43-07:00,1,68
index.html,6,html,3641ac26,Marvell-Suhali,2026-04-12,20:41:43,-07:00,2026-04-12T20:41:43-07:00,1,27
index.html,7,html,75ad2a93,Marvell-Suhali,2026-04-17,14:23:11,-07:00,2026-04-17T14:23:11-07:00,0,0
index.html,8,html,3641ac26,Marvell-Suhali,2026-04-12,20:41:43,-07:00,2026-04-12T20:41:43-07:00,1,38
index.html,9,html,75ad2a93,Marvell-Suhali,2026-04-17,14:23:11,-07:00,2026-04-17T14:23:11-07:00,1,45
index.html,10,html,5e5792a3,Marvell-Suhali,2026-04-25,17:21:38,-07:00,2026-04-25T17:21:38-07:00,1,44
index.html,11,html,3641ac26,Marvell-Suhali,2026-04-12,20:41:43,-07:00,2026-04-12T20:41:43-07:00,0,5
index.html,12,html,75ad2a93,Marvell-Suhali,2026-04-17,14:23:11,-07:00,2026-04-17T14:23:11-07:00,0,0
index.html,13,html,b7887e9,Marvell-Suhali,2026-04-03,18:52:34,-07:00,2026-04-03T18:52:34-07:00,0,4
index.html,14,html,70ac688a,Marvell-Suhali,2026-04-03,19:17:10,-07:00,2026-04-03T19:17:10-07:00,0,0
index.html,15,html,b7887e9,Marvell-Suhali,2026-04-03,18:52:34,-07:00,2026-04-03T18:52:34-07:00,1,21
index.html,16,html,60e2b417,Marvell-Suhali,2026-04-03,19:25:47,-07:00,2026-04-03T19:25:47-07:00,0,0
index.html,17,html,60e2b417,Marvell-Suhali,2026-04-03,19:25:47,-07:00,2026-04-03T19:25:47-07:00,1,51
index.html,18,html,60e2b417,Marvell-Suhali,2026-04-03,19:25:47,-07:00,2026-04-03T19:25:47-07:00,0,0
index.html,19,html,b7887e9,Marvell-Suhali,2026-04-03,18:52:34,-07:00,2026-04-03T18:52:34-07:00,1,40
index.html,20,html,60e2b417,Marvell-Suhali,2026-04-03,19:25:47,-07:00,2026-04-03T19:25:47-07:00,0,0
index.html,21,html,60e2b417,Marvell-Suhali,2026-04-03,19:25:47,-07:00,2026-04-03T19:25:47-07:00,1,1
index.html,22,html,60e2b417,Marvell-Suhali,2026-04-03,19:25:47,-07:00,2026-04-03T19:25:47-07:00,2,85
index.html,23,html,60e2b417,Marvell-Suhali,2026-04-03,19:25:47,-07:00,2026-04-03T19:25:47-07:00,1,2
index.html,24,html,60e2b417,Marvell-Suhali,2026-04-03,19:25:47,-07:00,2026-04-03T19:25:47-07:00,0,0
index.html,25,html,60e2b417,Marvell-Suhali,2026-04-03,19:25:47,-07:00,2026-04-03T19:25:47-07:00,1,7
index.html,26,html,60e2b417,Marvell-Suhali,2026-04-03,19:25:47,-07:00,2026-04-03T19:25:47-07:00,2,15
index.html,27,html,60e2b417,Marvell-Suhali,2026-04-03,19:25:47,-07:00,2026-04-03T19:25:47-07:00,2,1
index.html,28,html,60e2b417,Marvell-Suhali,2026-04-03,19:25:47,-07:00,2026-04-03T19:25:47-07:00,3,103
index.html,29,html,60e2b417,Marvell-Suhali,2026-04-03,19:25:47,-07:00,2026-04-03T19:25:47-07:00,2,2
index.html,30,html,60e2b417,Marvell-Suhali,2026-04-03,19:25:47,-07:00,2026-04-03T19:25:47-07:00,1,8
index.html,31,html,60e2b417,Marvell-Suhali,2026-04-03,19:25:47,-07:00,2026-04-03T19:25:47-07:00,0,0
index.html,32,html,60e2b417,Marvell-Suhali,2026-04-03,19:25:47,-07:00,2026-04-03T19:25:47-07:00,1,7
index.html,33,html,60e2b417,Marvell-Suhali,2026-04-03,19:25:47,-07:00,2026-04-03T19:25:47-07:00,2,16
index.html,34,html,60e2b417,Marvell-Suhali,2026-04-03,19:25:47,-07:00,2026-04-03T19:25:47-07:00,2,2
index.html,35,html,60e2b417,Marvell-Suhali,2026-04-03,19:25:47,-07:00,2026-04-03T19:25:47-07:00,3,20
index.html,36,html,60e2b417,Marvell-Suhali,2026-04-03,19:25:47,-07:00,2026-04-03T19:25:47-07:00,3,23
index.html,37,html,60e2b417,Marvell-Suhali,2026-04-03,19:25:47,-07:00,2026-04-03T19:25:47-07:00,3,33
index.html,38,html,60e2b417,Marvell-Suhali,2026-04-03,19:25:47,-07:00,2026-04-03T19:25:47-07:00,2,3
index.html,39,html,60e2b417,Marvell-Suhali,2026-04-03,19:25:47,-07:00,2026-04-03T19:25:47-07:00,1,8
index.html,40,html,75ad2a93,Marvell-Suhali,2026-04-17,14:23:11,-07:00,2026-04-17T14:23:11-07:00,0,0
index.html,41,html,5e5792a3,Marvell-Suhali,2026-04-25,17:21:38,-07:00,2026-04-25T17:21:38-07:00,1,7
index.html,42,html,5e5792a3,Marvell-Suhali,2026-04-25,17:21:38,-07:00,2026-04-25T17:21:38-07:00,2,22
index.html,43,html,5e5792a3,Marvell-Suhali,2026-04-25,17:21:38,-07:00,2026-04-25T17:21:38-07:00,2,26
index.html,44,html,5e5792a3,Marvell-Suhali,2026-04-25,17:21:38,-07:00,2026-04-25T17:21:38-07:00,1,8
index.html,45,html,5e5792a3,Marvell-Suhali,2026-04-25,17:21:38,-07:00,2026-04-25T17:21:38-07:00,0,0
index.html,46,html,5e5792a3,Marvell-Suhali,2026-04-25,17:21:38,-07:00,2026-04-25T17:21:38-07:00,1,7
index.html,47,html,5e5792a3,Marvell-Suhali,2026-04-25,17:21:38,-07:00,2026-04-25T17:21:38-07:00,2,19
index.html,48,html,5e5792a3,Marvell-Suhali,2026-04-25,17:21:38,-07:00,2026-04-25T17:21:38-07:00,2,28
index.html,49,html,5e5792a3,Marvell-Suhali,2026-04-25,17:21:38,-07:00,2026-04-25T17:21:38-07:00,1,8
index.html,50,html,5e5792a3,Marvell-Suhali,2026-04-25,17:21:38,-07:00,2026-04-25T17:21:38-07:00,0,0
index.html,51,html,3641ac26,Marvell-Suhali,2026-04-12,20:41:43,-07:00,2026-04-12T20:41:43-07:00,0,5
index.html,52,html,3641ac26,Marvell-Suhali,2026-04-12,20:41:43,-07:00,2026-04-12T20:41:43-07:00,0,5
global.js,1,js,75ad2a93,Marvell-Suhali,2026-04-17,14:23:11,-07:00,2026-04-17T14:23:11-07:00,0,25
global.js,2,js,75ad2a93,Marvell-Suhali,2026-04-17,14:23:11,-07:00,2026-04-17T14:23:11-07:00,0,0
global.js,3,js,75ad2a93,Marvell-Suhali,2026-04-17,14:23:11,-07:00,2026-04-17T14:23:11-07:00,0,41
global.js,4,js,75ad2a93,Marvell-Suhali,2026-04-17,14:23:11,-07:00,2026-04-17T14:23:11-07:00,1,52
global.js,5,js,75ad2a93,Marvell-Suhali,2026-04-17,14:23:11,-07:00,2026-04-17T14:23:11-07:00,0,0
global.js,6,js,75ad2a93,Marvell-Suhali,2026-04-17,14:23:11,-07:00,2026-04-17T14:23:11-07:00,0,0
global.js,7,js,75ad2a93,Marvell-Suhali,2026-04-17,14:23:11,-07:00,2026-04-17T14:23:11-07:00,0,15
global.js,8,js,75ad2a93,Marvell-Suhali,2026-04-17,14:23:11,-07:00,2026-04-17T14:23:11-07:00,1,68
global.js,9,js,75ad2a93,Marvell-Suhali,2026-04-17,14:23:11,-07:00,2026-04-17T14:23:11-07:00,2,3
global.js,10,js,75ad2a93,Marvell-Suhali,2026-04-17,14:23:11,-07:00,2026-04-17T14:23:11-07:00,2,14
global.js,11,js,75ad2a93,Marvell-Suhali,2026-04-17,14:23:11,-07:00,2026-04-17T14:23:11-07:00,0,0
global.js,12,js,75ad2a93,Marvell-Suhali,2026-04-17,14:23:11,-07:00,2026-04-17T14:23:11-07:00,0,11
global.js,13,js,75ad2a93,Marvell-Suhali,2026-04-17,14:23:11,-07:00,2026-04-17T14:23:11-07:00,1,25
global.js,14,js,75ad2a93,Marvell-Suhali,2026-04-17,14:23:11,-07:00,2026-04-17T14:23:11-07:00,1,38
global.js,15,js,75ad2a93,Marvell-Suhali,2026-04-17,14:23:11,-07:00,2026-04-17T14:23:11-07:00,1,36
global.js,16,js,75ad2a93,Marvell-Suhali,2026-04-17,14:23:11,-07:00,2026-04-17T14:23:11-07:00,1,34
global.js,17,js,b9c9a4fd,Marvell-Suhali,2026-05-09,22:14:33,-07:00,2026-05-09T22:14:33-07:00,1,30
global.js,18,js,75ad2a93,Marvell-Suhali,2026-04-17,14:23:11,-07:00,2026-04-17T14:23:11-07:00,1,59
global.js,19,js,75ad2a93,Marvell-Suhali,2026-04-17,14:23:11,-07:00,2026-04-17T14:23:11-07:00,0,0
global.js,20,js,75ad2a93,Marvell-Suhali,2026-04-17,14:23:11,-07:00,2026-04-17T14:23:11-07:00,0,0
global.js,21,js,75ad2a93,Marvell-Suhali,2026-04-17,14:23:11,-07:00,2026-04-17T14:23:11-07:00,0,38
global.js,22,js,75ad2a93,Marvell-Suhali,2026-04-17,14:23:11,-07:00,2026-04-17T14:23:11-07:00,0,25
global.js,23,js,75ad2a93,Marvell-Suhali,2026-04-17,14:23:11,-07:00,2026-04-17T14:23:11-07:00,0,0
global.js,24,js,75ad2a93,Marvell-Suhali,2026-04-17,14:23:11,-07:00,2026-04-17T14:23:11-07:00,0,20
global.js,25,js,75ad2a93,Marvell-Suhali,2026-04-17,14:23:11,-07:00,2026-04-17T14:23:11-07:00,1,14
global.js,26,js,75ad2a93,Marvell-Suhali,2026-04-17,14:23:11,-07:00,2026-04-17T14:23:11-07:00,0,0
global.js,27,js,75ad2a93,Marvell-Suhali,2026-04-17,14:23:11,-07:00,2026-04-17T14:23:11-07:00,1,28
global.js,28,js,75ad2a93,Marvell-Suhali,2026-04-17,14:23:11,-07:00,2026-04-17T14:23:11-07:00,2,20
global.js,29,js,75ad2a93,Marvell-Suhali,2026-04-17,14:23:11,-07:00,2026-04-17T14:23:11-07:00,1,0
global.js,30,js,75ad2a93,Marvell-Suhali,2026-04-17,14:23:11,-07:00,2026-04-17T14:23:11-07:00,0,0
global.js,31,js,75ad2a93,Marvell-Suhali,2026-04-17,14:23:11,-07:00,2026-04-17T14:23:11-07:00,1,34
global.js,32,js,75ad2a93,Marvell-Suhali,2026-04-17,14:23:11,-07:00,2026-04-17T14:23:11-07:00,1,11
global.js,33,js,75ad2a93,Marvell-Suhali,2026-04-17,14:23:11,-07:00,2026-04-17T14:23:11-07:00,1,22
global.js,34,js,75ad2a93,Marvell-Suhali,2026-04-17,14:23:11,-07:00,2026-04-17T14:23:11-07:00,0,0
global.js,35,js,75ad2a93,Marvell-Suhali,2026-04-17,14:23:11,-07:00,2026-04-17T14:23:11-07:00,1,65
global.js,36,js,75ad2a93,Marvell-Suhali,2026-04-17,14:23:11,-07:00,2026-04-17T14:23:11-07:00,2,25
global.js,37,js,75ad2a93,Marvell-Suhali,2026-04-17,14:23:11,-07:00,2026-04-17T14:23:11-07:00,1,0
global.js,38,js,75ad2a93,Marvell-Suhali,2026-04-17,14:23:11,-07:00,2026-04-17T14:23:11-07:00,0,0
global.js,39,js,75ad2a93,Marvell-Suhali,2026-04-17,14:23:11,-07:00,2026-04-17T14:23:11-07:00,1,29
global.js,40,js,75ad2a93,Marvell-Suhali,2026-04-17,14:23:11,-07:00,2026-04-17T14:23:11-07:00,2,18
global.js,41,js,75ad2a93,Marvell-Suhali,2026-04-17,14:23:11,-07:00,2026-04-17T14:23:11-07:00,1,0
global.js,42,js,75ad2a93,Marvell-Suhali,2026-04-17,14:23:11,-07:00,2026-04-17T14:23:11-07:00,0,0
global.js,43,js,75ad2a93,Marvell-Suhali,2026-04-17,14:23:11,-07:00,2026-04-17T14:23:11-07:00,1,12
global.js,44,js,843b3a0a,Marvell-Suhali,2026-04-17,14:27:44,-07:00,2026-04-17T14:27:44-07:00,0,0
global.js,45,js,843b3a0a,Marvell-Suhali,2026-04-17,14:27:44,-07:00,2026-04-17T14:27:44-07:00,0,0
global.js,46,js,843b3a0a,Marvell-Suhali,2026-04-17,14:27:44,-07:00,2026-04-17T14:27:44-07:00,0,31
global.js,47,js,843b3a0a,Marvell-Suhali,2026-04-17,14:27:44,-07:00,2026-04-17T14:27:44-07:00,1,11
global.js,48,js,843b3a0a,Marvell-Suhali,2026-04-17,14:27:44,-07:00,2026-04-17T14:27:44-07:00,1,0
global.js,49,js,843b3a0a,Marvell-Suhali,2026-04-17,14:27:44,-07:00,2026-04-17T14:27:44-07:00,2,26
global.js,50,js,843b3a0a,Marvell-Suhali,2026-04-17,14:27:44,-07:00,2026-04-17T14:27:44-07:00,3,4
global.js,51,js,843b3a0a,Marvell-Suhali,2026-04-17,14:27:44,-07:00,2026-04-17T14:27:44-07:00,3,6
global.js,52,js,843b3a0a,Marvell-Suhali,2026-04-17,14:27:44,-07:00,2026-04-17T14:27:44-07:00,4,43
global.js,53,js,843b3a0a,Marvell-Suhali,2026-04-17,14:27:44,-07:00,2026-04-17T14:27:44-07:00,4,34
global.js,54,js,843b3a0a,Marvell-Suhali,2026-04-17,14:27:44,-07:00,2026-04-17T14:27:44-07:00,4,32
global.js,55,js,843b3a0a,Marvell-Suhali,2026-04-17,14:27:44,-07:00,2026-04-17T14:27:44-07:00,3,7
global.js,56,js,843b3a0a,Marvell-Suhali,2026-04-17,14:27:44,-07:00,2026-04-17T14:27:44-07:00,2,6
global.js,57,js,843b3a0a,Marvell-Suhali,2026-04-17,14:27:44,-07:00,2026-04-17T14:27:44-07:00,1,0
global.js,58,js,843b3a0a,Marvell-Suhali,2026-04-17,14:27:44,-07:00,2026-04-17T14:27:44-07:00,0,0
global.js,59,js,843b3a0a,Marvell-Suhali,2026-04-17,14:27:44,-07:00,2026-04-17T14:27:44-07:00,0,0
global.js,60,js,843b3a0a,Marvell-Suhali,2026-04-17,14:27:44,-07:00,2026-04-17T14:27:44-07:00,0,58
global.js,61,js,843b3a0a,Marvell-Suhali,2026-04-17,14:27:44,-07:00,2026-04-17T14:27:44-07:00,0,0
global.js,62,js,843b3a0a,Marvell-Suhali,2026-04-17,14:27:44,-07:00,2026-04-17T14:27:44-07:00,0,36
global.js,63,js,843b3a0a,Marvell-Suhali,2026-04-17,14:27:44,-07:00,2026-04-17T14:27:44-07:00,1,70
global.js,64,js,843b3a0a,Marvell-Suhali,2026-04-17,14:27:44,-07:00,2026-04-17T14:27:44-07:00,1,25
global.js,65,js,843b3a0a,Marvell-Suhali,2026-04-17,14:27:44,-07:00,2026-04-17T14:27:44-07:00,1,37
global.js,66,js,843b3a0a,Marvell-Suhali,2026-04-17,14:27:44,-07:00,2026-04-17T14:27:44-07:00,0,0
global.js,67,js,843b3a0a,Marvell-Suhali,2026-04-17,14:27:44,-07:00,2026-04-17T14:27:44-07:00,0,0
global.js,68,js,843b3a0a,Marvell-Suhali,2026-04-17,14:27:44,-07:00,2026-04-17T14:27:44-07:00,0,34
global.js,69,js,843b3a0a,Marvell-Suhali,2026-04-17,14:27:44,-07:00,2026-04-17T14:27:44-07:00,1,39
global.js,70,js,843b3a0a,Marvell-Suhali,2026-04-17,14:27:44,-07:00,2026-04-17T14:27:44-07:00,0,0
global.js,71,js,843b3a0a,Marvell-Suhali,2026-04-17,14:27:44,-07:00,2026-04-17T14:27:44-07:00,0,0
global.js,72,js,843b3a0a,Marvell-Suhali,2026-04-17,14:27:44,-07:00,2026-04-17T14:27:44-07:00,0,49
global.js,73,js,843b3a0a,Marvell-Suhali,2026-04-17,14:27:44,-07:00,2026-04-17T14:27:44-07:00,1,33
global.js,74,js,d86f7dd7,Marvell-Suhali,2026-04-25,17:05:28,-07:00,2026-04-25T17:05:28-07:00,0,1
global.js,75,js,d86f7dd7,Marvell-Suhali,2026-04-25,17:05:28,-07:00,2026-04-25T17:05:28-07:00,0,0
global.js,76,js,d86f7dd7,Marvell-Suhali,2026-04-25,17:05:28,-07:00,2026-04-25T17:05:28-07:00,0,36
global.js,77,js,d86f7dd7,Marvell-Suhali,2026-04-25,17:05:28,-07:00,2026-04-25T17:05:28-07:00,1,3
global.js,78,js,d86f7dd7,Marvell-Suhali,2026-04-25,17:05:28,-07:00,2026-04-25T17:05:28-07:00,2,32
global.js,79,js,d86f7dd7,Marvell-Suhali,2026-04-25,17:05:28,-07:00,2026-04-25T17:05:28-07:00,0,0
global.js,80,js,d86f7dd7,Marvell-Suhali,2026-04-25,17:05:28,-07:00,2026-04-25T17:05:28-07:00,2,17
global.js,81,js,d86f7dd7,Marvell-Suhali,2026-04-25,17:05:28,-07:00,2026-04-25T17:05:28-07:00,3,62
global.js,82,js,d86f7dd7,Marvell-Suhali,2026-04-25,17:05:28,-07:00,2026-04-25T17:05:28-07:00,2,0
global.js,83,js,d86f7dd7,Marvell-Suhali,2026-04-25,17:05:28,-07:00,2026-04-25T17:05:28-07:00,0,0
global.js,84,js,d86f7dd7,Marvell-Suhali,2026-04-25,17:05:28,-07:00,2026-04-25T17:05:28-07:00,2,27
global.js,85,js,d86f7dd7,Marvell-Suhali,2026-04-25,17:05:28,-07:00,2026-04-25T17:05:28-07:00,1,15
global.js,86,js,d86f7dd7,Marvell-Suhali,2026-04-25,17:05:28,-07:00,2026-04-25T17:05:28-07:00,2,59
global.js,87,js,d86f7dd7,Marvell-Suhali,2026-04-25,17:05:28,-07:00,2026-04-25T17:05:28-07:00,1,0
global.js,88,js,d86f7dd7,Marvell-Suhali,2026-04-25,17:05:28,-07:00,2026-04-25T17:05:28-07:00,0,0
global.js,89,js,d86f7dd7,Marvell-Suhali,2026-04-25,17:05:28,-07:00,2026-04-25T17:05:28-07:00,0,0
global.js,90,js,d86f7dd7,Marvell-Suhali,2026-04-25,17:05:28,-07:00,2026-04-25T17:05:28-07:00,0,79
global.js,91,js,d86f7dd7,Marvell-Suhali,2026-04-25,17:05:28,-07:00,2026-04-25T17:05:28-07:00,1,28
global.js,92,js,d86f7dd7,Marvell-Suhali,2026-04-25,17:05:28,-07:00,2026-04-25T17:05:28-07:00,0,0
global.js,93,js,d86f7dd7,Marvell-Suhali,2026-04-25,17:05:28,-07:00,2026-04-25T17:05:28-07:00,1,30
global.js,94,js,d86f7dd7,Marvell-Suhali,2026-04-25,17:05:28,-07:00,2026-04-25T17:05:28-07:00,0,0
global.js,95,js,d86f7dd7,Marvell-Suhali,2026-04-25,17:05:28,-07:00,2026-04-25T17:05:28-07:00,1,29
global.js,96,js,d86f7dd7,Marvell-Suhali,2026-04-25,17:05:28,-07:00,2026-04-25T17:05:28-07:00,2,48
global.js,97,js,d86f7dd7,Marvell-Suhali,2026-04-25,17:05:28,-07:00,2026-04-25T17:05:28-07:00,0,0
global.js,98,js,d86f7dd7,Marvell-Suhali,2026-04-25,17:05:28,-07:00,2026-04-25T17:05:28-07:00,2,19
global.js,99,js,d86f7dd7,Marvell-Suhali,2026-04-25,17:05:28,-07:00,2026-04-25T17:05:28-07:00,3,49
global.js,100,js,d86f7dd7,Marvell-Suhali,2026-04-25,17:05:28,-07:00,2026-04-25T17:05:28-07:00,3,49
global.js,101,js,d86f7dd7,Marvell-Suhali,2026-04-25,17:05:28,-07:00,2026-04-25T17:05:28-07:00,3,27
global.js,102,js,d86f7dd7,Marvell-Suhali,2026-04-25,17:05:28,-07:00,2026-04-25T17:05:28-07:00,3,20
global.js,103,js,d86f7dd7,Marvell-Suhali,2026-04-25,17:05:28,-07:00,2026-04-25T17:05:28-07:00,2,0
global.js,104,js,d86f7dd7,Marvell-Suhali,2026-04-25,17:05:28,-07:00,2026-04-25T17:05:28-07:00,0,0
global.js,105,js,d86f7dd7,Marvell-Suhali,2026-04-25,17:05:28,-07:00,2026-04-25T17:05:28-07:00,2,31
global.js,106,js,d86f7dd7,Marvell-Suhali,2026-04-25,17:05:28,-07:00,2026-04-25T17:05:28-07:00,1,0
global.js,107,js,d86f7dd7,Marvell-Suhali,2026-04-25,17:05:28,-07:00,2026-04-25T17:05:28-07:00,0,0
global.js,108,js,d86f7dd7,Marvell-Suhali,2026-04-25,17:05:28,-07:00,2026-04-25T17:05:28-07:00,0,0
global.js,109,js,d86f7dd7,Marvell-Suhali,2026-04-25,17:05:28,-07:00,2026-04-25T17:05:28-07:00,0,47
global.js,110,js,d86f7dd7,Marvell-Suhali,2026-04-25,17:05:28,-07:00,2026-04-25T17:05:28-07:00,1,59
global.js,111,js,d86f7dd7,Marvell-Suhali,2026-04-25,17:05:28,-07:00,2026-04-25T17:05:28-07:00,0,0
resume/index.html,1,html,70ac688a,Marvell-Suhali,2026-04-03,19:17:10,-07:00,2026-04-03T19:17:10-07:00,0,13
resume/index.html,2,html,70ac688a,Marvell-Suhali,2026-04-03,19:17:10,-07:00,2026-04-03T19:17:10-07:00,0,14
resume/index.html,3,html,70ac688a,Marvell-Suhali,2026-04-03,19:17:10,-07:00,2026-04-03T19:17:10-07:00,0,4
resume/index.html,4,html,70ac688a,Marvell-Suhali,2026-04-03,19:17:10,-07:00,2026-04-03T19:17:10-07:00,1,20
resume/index.html,5,html,a95f4ebf,Marvell-Suhali,2026-04-12,20:58:58,-07:00,2026-04-12T20:58:58-07:00,1,68
resume/index.html,6,html,70ac688a,Marvell-Suhali,2026-04-03,19:17:10,-07:00,2026-04-03T19:17:10-07:00,1,19
resume/index.html,7,html,75ad2a93,Marvell-Suhali,2026-04-17,14:23:11,-07:00,2026-04-17T14:23:11-07:00,0,0
resume/index.html,8,html,70ac688a,Marvell-Suhali,2026-04-03,19:17:10,-07:00,2026-04-03T19:17:10-07:00,1,41
resume/index.html,9,html,75ad2a93,Marvell-Suhali,2026-04-17,14:23:11,-07:00,2026-04-17T14:23:11-07:00,1,48
resume/index.html,10,html,70ac688a,Marvell-Suhali,2026-04-03,19:17:10,-07:00,2026-04-03T19:17:10-07:00,0,5
resume/index.html,11,html,75ad2a93,Marvell-Suhali,2026-04-17,14:23:11,-07:00,2026-04-17T14:23:11-07:00,0,0
resume/index.html,12,html,70ac688a,Marvell-Suhali,2026-04-03,19:17:10,-07:00,2026-04-03T19:17:10-07:00,0,4
resume/index.html,13,html,70ac688a,Marvell-Suhali,2026-04-03,19:17:10,-07:00,2026-04-03T19:17:10-07:00,0,0
resume/index.html,14,html,70ac688a,Marvell-Suhali,2026-04-03,19:17:10,-07:00,2026-04-03T19:17:10-07:00,1,13
resume/index.html,15,html,70ac688a,Marvell-Suhali,2026-04-03,19:17:10,-07:00,2026-04-03T19:17:10-07:00,0,0
resume/index.html,16,html,70ac688a,Marvell-Suhali,2026-04-03,19:17:10,-07:00,2026-04-03T19:17:10-07:00,1,7
resume/index.html,17,html,70ac688a,Marvell-Suhali,2026-04-03,19:17:10,-07:00,2026-04-03T19:17:10-07:00,2,16
resume/index.html,18,html,70ac688a,Marvell-Suhali,2026-04-03,19:17:10,-07:00,2026-04-03T19:17:10-07:00,2,39
resume/index.html,19,html,70ac688a,Marvell-Suhali,2026-04-03,19:17:10,-07:00,2026-04-03T19:17:10-07:00,2,25
resume/index.html,20,html,70ac688a,Marvell-Suhali,2026-04-03,19:17:10,-07:00,2026-04-03T19:17:10-07:00,1,8
resume/index.html,21,html,70ac688a,Marvell-Suhali,2026-04-03,19:17:10,-07:00,2026-04-03T19:17:10-07:00,0,0
resume/index.html,22,html,70ac688a,Marvell-Suhali,2026-04-03,19:17:10,-07:00,2026-04-03T19:17:10-07:00,1,7
resume/index.html,23,html,70ac688a,Marvell-Suhali,2026-04-03,19:17:10,-07:00,2026-04-03T19:17:10-07:00,2,17
resume/index.html,24,html,70ac688a,Marvell-Suhali,2026-04-03,19:17:10,-07:00,2026-04-03T19:17:10-07:00,2,34
resume/index.html,25,html,70ac688a,Marvell-Suhali,2026-04-03,19:17:10,-07:00,2026-04-03T19:17:10-07:00,1,8
resume/index.html,26,html,70ac688a,Marvell-Suhali,2026-04-03,19:17:10,-07:00,2026-04-03T19:17:10-07:00,0,0
resume/index.html,27,html,70ac688a,Marvell-Suhali,2026-04-03,19:17:10,-07:00,2026-04-03T19:17:10-07:00,1,7
resume/index.html,28,html,70ac688a,Marvell-Suhali,2026-04-03,19:17:10,-07:00,2026-04-03T19:17:10-07:00,2,13
resume/index.html,29,html,70ac688a,Marvell-Suhali,2026-04-03,19:17:10,-07:00,2026-04-03T19:17:10-07:00,2,2
resume/index.html,30,html,70ac688a,Marvell-Suhali,2026-04-03,19:17:10,-07:00,2026-04-03T19:17:10-07:00,3,13
resume/index.html,31,html,70ac688a,Marvell-Suhali,2026-04-03,19:17:10,-07:00,2026-04-03T19:17:10-07:00,3,8
resume/index.html,32,html,70ac688a,Marvell-Suhali,2026-04-03,19:17:10,-07:00,2026-04-03T19:17:10-07:00,3,10
resume/index.html,33,html,70ac688a,Marvell-Suhali,2026-04-03,19:17:10,-07:00,2026-04-03T19:17:10-07:00,3,19
resume/index.html,34,html,70ac688a,Marvell-Suhali,2026-04-03,19:17:10,-07:00,2026-04-03T19:17:10-07:00,2,3
resume/index.html,35,html,70ac688a,Marvell-Suhali,2026-04-03,19:17:10,-07:00,2026-04-03T19:17:10-07:00,1,8
resume/index.html,36,html,75ad2a93,Marvell-Suhali,2026-04-17,14:23:11,-07:00,2026-04-17T14:23:11-07:00,0,0
resume/index.html,37,html,70ac688a,Marvell-Suhali,2026-04-03,19:17:10,-07:00,2026-04-03T19:17:10-07:00,0,5
resume/index.html,38,html,70ac688a,Marvell-Suhali,2026-04-03,19:17:10,-07:00,2026-04-03T19:17:10-07:00,0,5
projects/projects.js,1,js,77016a0d,Marvell-Suhali,2026-05-01,20:41:54,-07:00,2026-05-01T20:41:54-07:00,0,63
projects/projects.js,2,js,5e5792a3,Marvell-Suhali,2026-04-25,17:21:38,-07:00,2026-04-25T17:21:38-07:00,0,55
projects/projects.js,3,js,5e5792a3,Marvell-Suhali,2026-04-25,17:21:38,-07:00,2026-04-25T17:21:38-07:00,0,0
projects/projects.js,4,js,5e5792a3,Marvell-Suhali,2026-04-25,17:21:38,-07:00,2026-04-25T17:21:38-07:00,0,55
projects/projects.js,5,js,77016a0d,Marvell-Suhali,2026-05-01,20:41:54,-07:00,2026-05-01T20:41:54-07:00,0,60
projects/projects.js,6,js,77016a0d,Marvell-Suhali,2026-05-01,20:41:54,-07:00,2026-05-01T20:41:54-07:00,0,55
projects/projects.js,7,js,5e5792a3,Marvell-Suhali,2026-04-25,17:21:38,-07:00,2026-04-25T17:21:38-07:00,0,0
projects/projects.js,8,js,77016a0d,Marvell-Suhali,2026-05-01,20:41:54,-07:00,2026-05-01T20:41:54-07:00,0,13
projects/projects.js,9,js,77016a0d,Marvell-Suhali,2026-05-01,20:41:54,-07:00,2026-05-01T20:41:54-07:00,0,21
projects/projects.js,10,js,5e5792a3,Marvell-Suhali,2026-04-25,17:21:38,-07:00,2026-04-25T17:21:38-07:00,0,0
projects/projects.js,11,js,77016a0d,Marvell-Suhali,2026-05-01,20:41:54,-07:00,2026-05-01T20:41:54-07:00,0,25
projects/projects.js,12,js,77016a0d,Marvell-Suhali,2026-05-01,20:41:54,-07:00,2026-05-01T20:41:54-07:00,1,51
projects/projects.js,13,js,77016a0d,Marvell-Suhali,2026-05-01,20:41:54,-07:00,2026-05-01T20:41:54-07:00,2,61
projects/projects.js,14,js,77016a0d,Marvell-Suhali,2026-05-01,20:41:54,-07:00,2026-05-01T20:41:54-07:00,2,42
projects/projects.js,15,js,77016a0d,Marvell-Suhali,2026-05-01,20:41:54,-07:00,2026-05-01T20:41:54-07:00,1,1
projects/projects.js,16,js,5e5792a3,Marvell-Suhali,2026-04-25,17:21:38,-07:00,2026-04-25T17:21:38-07:00,0,0
projects/projects.js,17,js,77016a0d,Marvell-Suhali,2026-05-01,20:41:54,-07:00,2026-05-01T20:41:54-07:00,1,22
projects/projects.js,18,js,77016a0d,Marvell-Suhali,2026-05-01,20:41:54,-07:00,2026-05-01T20:41:54-07:00,0,0
projects/projects.js,19,js,5e5792a3,Marvell-Suhali,2026-04-25,17:21:38,-07:00,2026-04-25T17:21:38-07:00,0,0
projects/projects.js,20,js,77016a0d,Marvell-Suhali,2026-05-01,20:41:54,-07:00,2026-05-01T20:41:54-07:00,0,38
projects/projects.js,21,js,77016a0d,Marvell-Suhali,2026-05-01,20:41:54,-07:00,2026-05-01T20:41:54-07:00,1,42
projects/projects.js,22,js,77016a0d,Marvell-Suhali,2026-05-01,20:41:54,-07:00,2026-05-01T20:41:54-07:00,1,34
projects/projects.js,23,js,77016a0d,Marvell-Suhali,2026-05-01,20:41:54,-07:00,2026-05-01T20:41:54-07:00,0,0
projects/projects.js,24,js,77016a0d,Marvell-Suhali,2026-05-01,20:41:54,-07:00,2026-05-01T20:41:54-07:00,1,29
projects/projects.js,25,js,77016a0d,Marvell-Suhali,2026-05-01,20:41:54,-07:00,2026-05-01T20:41:54-07:00,1,30
projects/projects.js,26,js,77016a0d,Marvell-Suhali,2026-05-01,20:41:54,-07:00,2026-05-01T20:41:54-07:00,0,0
projects/projects.js,27,js,77016a0d,Marvell-Suhali,2026-05-01,20:41:54,-07:00,2026-05-01T20:41:54-07:00,1,28
projects/projects.js,28,js,77016a0d,Marvell-Suhali,2026-05-01,20:41:54,-07:00,2026-05-01T20:41:54-07:00,2,12
projects/projects.js,29,js,77016a0d,Marvell-Suhali,2026-05-01,20:41:54,-07:00,2026-05-01T20:41:54-07:00,2,14
projects/projects.js,30,js,77016a0d,Marvell-Suhali,2026-05-01,20:41:54,-07:00,2026-05-01T20:41:54-07:00,2,11
projects/projects.js,31,js,77016a0d,Marvell-Suhali,2026-05-01,20:41:54,-07:00,2026-05-01T20:41:54-07:00,1,0
projects/projects.js,32,js,77016a0d,Marvell-Suhali,2026-05-01,20:41:54,-07:00,2026-05-01T20:41:54-07:00,0,0
projects/projects.js,33,js,77016a0d,Marvell-Suhali,2026-05-01,20:41:54,-07:00,2026-05-01T20:41:54-07:00,1,47
projects/projects.js,34,js,77016a0d,Marvell-Suhali,2026-05-01,20:41:54,-07:00,2026-05-01T20:41:54-07:00,2,11
projects/projects.js,35,js,77016a0d,Marvell-Suhali,2026-05-01,20:41:54,-07:00,2026-05-01T20:41:54-07:00,2,9
projects/projects.js,36,js,77016a0d,Marvell-Suhali,2026-05-01,20:41:54,-07:00,2026-05-01T20:41:54-07:00,1,2
projects/projects.js,37,js,77016a0d,Marvell-Suhali,2026-05-01,20:41:54,-07:00,2026-05-01T20:41:54-07:00,0,0
projects/projects.js,38,js,77016a0d,Marvell-Suhali,2026-05-01,20:41:54,-07:00,2026-05-01T20:41:54-07:00,1,52
projects/projects.js,39,js,77016a0d,Marvell-Suhali,2026-05-01,20:41:54,-07:00,2026-05-01T20:41:54-07:00,1,59
projects/projects.js,40,js,77016a0d,Marvell-Suhali,2026-05-01,20:41:54,-07:00,2026-05-01T20:41:54-07:00,1,49
projects/projects.js,41,js,77016a0d,Marvell-Suhali,2026-05-01,20:41:54,-07:00,2026-05-01T20:41:54-07:00,0,0
projects/projects.js,42,js,77016a0d,Marvell-Suhali,2026-05-01,20:41:54,-07:00,2026-05-01T20:41:54-07:00,1,35
projects/projects.js,43,js,77016a0d,Marvell-Suhali,2026-05-01,20:41:54,-07:00,2026-05-01T20:41:54-07:00,0,0
projects/projects.js,44,js,77016a0d,Marvell-Suhali,2026-05-01,20:41:54,-07:00,2026-05-01T20:41:54-07:00,1,25
projects/projects.js,45,js,77016a0d,Marvell-Suhali,2026-05-01,20:41:54,-07:00,2026-05-01T20:41:54-07:00,2,1
projects/projects.js,46,js,77016a0d,Marvell-Suhali,2026-05-01,20:41:54,-07:00,2026-05-01T20:41:54-07:00,3,13
projects/projects.js,47,js,77016a0d,Marvell-Suhali,2026-05-01,20:41:54,-07:00,2026-05-01T20:41:54-07:00,3,25
projects/projects.js,48,js,77016a0d,Marvell-Suhali,2026-05-01,20:41:54,-07:00,2026-05-01T20:41:54-07:00,3,22
projects/projects.js,49,js,77016a0d,Marvell-Suhali,2026-05-01,20:41:54,-07:00,2026-05-01T20:41:54-07:00,3,51
projects/projects.js,50,js,77016a0d,Marvell-Suhali,2026-05-01,20:41:54,-07:00,2026-05-01T20:41:54-07:00,3,18
projects/projects.js,51,js,77016a0d,Marvell-Suhali,2026-05-01,20:41:54,-07:00,2026-05-01T20:41:54-07:00,4,43
projects/projects.js,52,js,77016a0d,Marvell-Suhali,2026-05-01,20:41:54,-07:00,2026-05-01T20:41:54-07:00,4,19
projects/projects.js,53,js,77016a0d,Marvell-Suhali,2026-05-01,20:41:54,-07:00,2026-05-01T20:41:54-07:00,3,1
projects/projects.js,54,js,77016a0d,Marvell-Suhali,2026-05-01,20:41:54,-07:00,2026-05-01T20:41:54-07:00,1,1
projects/projects.js,55,js,77016a0d,Marvell-Suhali,2026-05-01,20:41:54,-07:00,2026-05-01T20:41:54-07:00,0,0
projects/projects.js,56,js,77016a0d,Marvell-Suhali,2026-05-01,20:41:54,-07:00,2026-05-01T20:41:54-07:00,1,22
projects/projects.js,57,js,77016a0d,Marvell-Suhali,2026-05-01,20:41:54,-07:00,2026-05-01T20:41:54-07:00,2,4
projects/projects.js,58,js,77016a0d,Marvell-Suhali,2026-05-01,20:41:54,-07:00,2026-05-01T20:41:54-07:00,3,11
projects/projects.js,59,js,77016a0d,Marvell-Suhali,2026-05-01,20:41:54,-07:00,2026-05-01T20:41:54-07:00,3,36
projects/projects.js,60,js,77016a0d,Marvell-Suhali,2026-05-01,20:41:54,-07:00,2026-05-01T20:41:54-07:00,3,51
projects/projects.js,61,js,77016a0d,Marvell-Suhali,2026-05-01,20:41:54,-07:00,2026-05-01T20:41:54-07:00,3,69
projects/projects.js,62,js,77016a0d,Marvell-Suhali,2026-05-01,20:41:54,-07:00,2026-05-01T20:41:54-07:00,1,1
projects/projects.js,63,js,77016a0d,Marvell-Suhali,2026-05-01,20:41:54,-07:00,2026-05-01T20:41:54-07:00,0,0
projects/projects.js,64,js,77016a0d,Marvell-Suhali,2026-05-01,20:41:54,-07:00,2026-05-01T20:41:54-07:00,0,0
projects/projects.js,65,js,77016a0d,Marvell-Suhali,2026-05-01,20:41:54,-07:00,2026-05-01T20:41:54-07:00,0,36
projects/projects.js,66,js,77016a0d,Marvell-Suhali,2026-05-01,20:41:54,-07:00,2026-05-01T20:41:54-07:00,1,38
projects/projects.js,67,js,77016a0d,Marvell-Suhali,2026-05-01,20:41:54,-07:00,2026-05-01T20:41:54-07:00,0,0
projects/projects.js,68,js,77016a0d,Marvell-Suhali,2026-05-01,20:41:54,-07:00,2026-05-01T20:41:54-07:00,1,33
projects/projects.js,69,js,77016a0d,Marvell-Suhali,2026-05-01,20:41:54,-07:00,2026-05-01T20:41:54-07:00,2,45
projects/projects.js,70,js,77016a0d,Marvell-Suhali,2026-05-01,20:41:54,-07:00,2026-05-01T20:41:54-07:00,2,41
projects/projects.js,71,js,77016a0d,Marvell-Suhali,2026-05-01,20:41:54,-07:00,2026-05-01T20:41:54-07:00,3,40
projects/projects.js,72,js,77016a0d,Marvell-Suhali,2026-05-01,20:41:54,-07:00,2026-05-01T20:41:54-07:00,2,0
projects/projects.js,73,js,77016a0d,Marvell-Suhali,2026-05-01,20:41:54,-07:00,2026-05-01T20:41:54-07:00,1,0
projects/projects.js,74,js,77016a0d,Marvell-Suhali,2026-05-01,20:41:54,-07:00,2026-05-01T20:41:54-07:00,0,0
projects/projects.js,75,js,77016a0d,Marvell-Suhali,2026-05-01,20:41:54,-07:00,2026-05-01T20:41:54-07:00,1,56
projects/projects.js,76,js,77016a0d,Marvell-Suhali,2026-05-01,20:41:54,-07:00,2026-05-01T20:41:54-07:00,1,31
projects/projects.js,77,js,77016a0d,Marvell-Suhali,2026-05-01,20:41:54,-07:00,2026-05-01T20:41:54-07:00,0,0
projects/projects.js,78,js,77016a0d,Marvell-Suhali,2026-05-01,20:41:54,-07:00,2026-05-01T20:41:54-07:00,0,0
projects/projects.js,79,js,77016a0d,Marvell-Suhali,2026-05-01,20:41:54,-07:00,2026-05-01T20:41:54-07:00,0,48
projects/projects.js,80,js,77016a0d,Marvell-Suhali,2026-05-01,20:41:54,-07:00,2026-05-01T20:41:54-07:00,1,25
projects/projects.js,81,js,77016a0d,Marvell-Suhali,2026-05-01,20:41:54,-07:00,2026-05-01T20:41:54-07:00,1,17
projects/projects.js,82,js,77016a0d,Marvell-Suhali,2026-05-01,20:41:54,-07:00,2026-05-01T20:41:54-07:00,1,15
projects/projects.js,83,js,77016a0d,Marvell-Suhali,2026-05-01,20:41:54,-07:00,2026-05-01T20:41:54-07:00,0,1
projects/projects.js,84,js,77016a0d,Marvell-Suhali,2026-05-01,20:41:54,-07:00,2026-05-01T20:41:54-07:00,0,0
projects/projects.js,85,js,77016a0d,Marvell-Suhali,2026-05-01,20:41:54,-07:00,2026-05-01T20:41:54-07:00,0,15
projects/index.html,1,html,6959393a,Marvell-Suhali,2026-04-03,19:20:54,-07:00,2026-04-03T19:20:54-07:00,0,13
projects/index.html,2,html,6959393a,Marvell-Suhali,2026-04-03,19:20:54,-07:00,2026-04-03T19:20:54-07:00,0,14
projects/index.html,3,html,6959393a,Marvell-Suhali,2026-04-03,19:20:54,-07:00,2026-04-03T19:20:54-07:00,0,4
projects/index.html,4,html,6959393a,Marvell-Suhali,2026-04-03,19:20:54,-07:00,2026-04-03T19:20:54-07:00,1,20
projects/index.html,5,html,de007fff,Marvell-Suhali,2026-04-12,20:46:11,-07:00,2026-04-12T20:46:11-07:00,1,68
projects/index.html,6,html,6959393a,Marvell-Suhali,2026-04-03,19:20:54,-07:00,2026-04-03T19:20:54-07:00,1,21
projects/index.html,7,html,75ad2a93,Marvell-Suhali,2026-04-17,14:23:11,-07:00,2026-04-17T14:23:11-07:00,0,0
projects/index.html,8,html,6959393a,Marvell-Suhali,2026-04-03,19:20:54,-07:00,2026-04-03T19:20:54-07:00,1,41
projects/index.html,9,html,75ad2a93,Marvell-Suhali,2026-04-17,14:23:11,-07:00,2026-04-17T14:23:11-07:00,1,48
projects/index.html,10,html,5e5792a3,Marvell-Suhali,2026-04-25,17:21:38,-07:00,2026-04-25T17:21:38-07:00,1,47
projects/index.html,11,html,6959393a,Marvell-Suhali,2026-04-03,19:20:54,-07:00,2026-04-03T19:20:54-07:00,0,5
projects/index.html,12,html,6959393a,Marvell-Suhali,2026-04-03,19:20:54,-07:00,2026-04-03T19:20:54-07:00,0,0
projects/index.html,13,html,75ad2a93,Marvell-Suhali,2026-04-17,14:23:11,-07:00,2026-04-17T14:23:11-07:00,0,4
projects/index.html,14,html,5e5792a3,Marvell-Suhali,2026-04-25,17:21:38,-07:00,2026-04-25T17:21:38-07:00,1,38
projects/index.html,15,html,6959393a,Marvell-Suhali,2026-04-03,19:20:54,-07:00,2026-04-03T19:20:54-07:00,0,0
projects/index.html,16,html,77016a0d,Marvell-Suhali,2026-05-01,20:41:54,-07:00,2026-05-01T20:41:54-07:00,1,4
projects/index.html,17,html,77016a0d,Marvell-Suhali,2026-05-01,20:41:54,-07:00,2026-05-01T20:41:54-07:00,2,15
projects/index.html,18,html,77016a0d,Marvell-Suhali,2026-05-01,20:41:54,-07:00,2026-05-01T20:41:54-07:00,2,11
projects/index.html,19,html,77016a0d,Marvell-Suhali,2026-05-01,20:41:54,-07:00,2026-05-01T20:41:54-07:00,2,26
projects/index.html,20,html,77016a0d,Marvell-Suhali,2026-05-01,20:41:54,-07:00,2026-05-01T20:41:54-07:00,2,30
projects/index.html,21,html,77016a0d,Marvell-Suhali,2026-05-01,20:41:54,-07:00,2026-05-01T20:41:54-07:00,1,0
projects/index.html,22,html,77016a0d,Marvell-Suhali,2026-05-01,20:41:54,-07:00,2026-05-01T20:41:54-07:00,0,0
projects/index.html,23,html,77016a0d,Marvell-Suhali,2026-05-01,20:41:54,-07:00,2026-05-01T20:41:54-07:00,1,21
projects/index.html,24,html,77016a0d,Marvell-Suhali,2026-05-01,20:41:54,-07:00,2026-05-01T20:41:54-07:00,2,58
projects/index.html,25,html,77016a0d,Marvell-Suhali,2026-05-01,20:41:54,-07:00,2026-05-01T20:41:54-07:00,2,22
projects/index.html,26,html,77016a0d,Marvell-Suhali,2026-05-01,20:41:54,-07:00,2026-05-01T20:41:54-07:00,1,4
projects/index.html,27,html,77016a0d,Marvell-Suhali,2026-05-01,20:41:54,-07:00,2026-05-01T20:41:54-07:00,0,0
projects/index.html,28,html,5e5792a3,Marvell-Suhali,2026-04-25,17:21:38,-07:00,2026-04-25T17:21:38-07:00,1,26
projects/index.html,29,html,6959393a,Marvell-Suhali,2026-04-03,19:20:54,-07:00,2026-04-03T19:20:54-07:00,0,5
projects/index.html,30,html,6959393a,Marvell-Suhali,2026-04-03,19:20:54,-07:00,2026-04-03T19:20:54-07:00,0,5
meta/main.js,1,js,ec459d88,Marvell-Suhali,2026-05-09,22:19:35,-07:00,2026-05-09T22:19:35-07:00,0,28
meta/main.js,2,js,ec459d88,Marvell-Suhali,2026-05-09,22:19:35,-07:00,2026-05-09T22:19:35-07:00,0,0
meta/main.js,3,js,3af4fa9d,Marvell-Suhali,2026-05-09,22:17:05,-07:00,2026-05-09T22:17:05-07:00,0,63
meta/main.js,4,js,3af4fa9d,Marvell-Suhali,2026-05-09,22:17:05,-07:00,2026-05-09T22:17:05-07:00,0,0
meta/main.js,5,js,3af4fa9d,Marvell-Suhali,2026-05-09,22:17:05,-07:00,2026-05-09T22:17:05-07:00,0,12
meta/main.js,6,js,3af4fa9d,Marvell-Suhali,2026-05-09,22:17:05,-07:00,2026-05-09T22:17:05-07:00,0,15
meta/main.js,7,js,3af4fa9d,Marvell-Suhali,2026-05-09,22:17:05,-07:00,2026-05-09T22:17:05-07:00,0,9
meta/main.js,8,js,3af4fa9d,Marvell-Suhali,2026-05-09,22:17:05,-07:00,2026-05-09T22:17:05-07:00,0,9
meta/main.js,9,js,3af4fa9d,Marvell-Suhali,2026-05-09,22:17:05,-07:00,2026-05-09T22:17:05-07:00,0,0
meta/main.js,10,js,3af4fa9d,Marvell-Suhali,2026-05-09,22:17:05,-07:00,2026-05-09T22:17:05-07:00,0,25
meta/main.js,11,js,3af4fa9d,Marvell-Suhali,2026-05-09,22:17:05,-07:00,2026-05-09T22:17:05-07:00,1,46
meta/main.js,12,js,3af4fa9d,Marvell-Suhali,2026-05-09,22:17:05,-07:00,2026-05-09T22:17:05-07:00,2,5
meta/main.js,13,js,3af4fa9d,Marvell-Suhali,2026-05-09,22:17:05,-07:00,2026-05-09T22:17:05-07:00,2,21
meta/main.js,14,js,3af4fa9d,Marvell-Suhali,2026-05-09,22:17:05,-07:00,2026-05-09T22:17:05-07:00,2,23
meta/main.js,15,js,3af4fa9d,Marvell-Suhali,2026-05-09,22:17:05,-07:00,2026-05-09T22:17:05-07:00,2,25
meta/main.js,16,js,3af4fa9d,Marvell-Suhali,2026-05-09,22:17:05,-07:00,2026-05-09T22:17:05-07:00,2,49
meta/main.js,17,js,3af4fa9d,Marvell-Suhali,2026-05-09,22:17:05,-07:00,2026-05-09T22:17:05-07:00,2,31
meta/main.js,18,js,3af4fa9d,Marvell-Suhali,2026-05-09,22:17:05,-07:00,2026-05-09T22:17:05-07:00,1,2
meta/main.js,19,js,3af4fa9d,Marvell-Suhali,2026-05-09,22:17:05,-07:00,2026-05-09T22:17:05-07:00,0,0
meta/main.js,20,js,3af4fa9d,Marvell-Suhali,2026-05-09,22:17:05,-07:00,2026-05-09T22:17:05-07:00,1,10
meta/main.js,21,js,3af4fa9d,Marvell-Suhali,2026-05-09,22:17:05,-07:00,2026-05-09T22:17:05-07:00,0,0
meta/main.js,22,js,3af4fa9d,Marvell-Suhali,2026-05-09,22:17:05,-07:00,2026-05-09T22:17:05-07:00,0,0
meta/main.js,23,js,3af4fa9d,Marvell-Suhali,2026-05-09,22:17:05,-07:00,2026-05-09T22:17:05-07:00,0,29
meta/main.js,24,js,3af4fa9d,Marvell-Suhali,2026-05-09,22:17:05,-07:00,2026-05-09T22:17:05-07:00,1,7
meta/main.js,25,js,3af4fa9d,Marvell-Suhali,2026-05-09,22:17:05,-07:00,2026-05-09T22:17:05-07:00,2,28
meta/main.js,26,js,3af4fa9d,Marvell-Suhali,2026-05-09,22:17:05,-07:00,2026-05-09T22:17:05-07:00,2,25
meta/main.js,27,js,3af4fa9d,Marvell-Suhali,2026-05-09,22:17:05,-07:00,2026-05-09T22:17:05-07:00,3,21
meta/main.js,28,js,3af4fa9d,Marvell-Suhali,2026-05-09,22:17:05,-07:00,2026-05-09T22:17:05-07:00,3,55
meta/main.js,29,js,3af4fa9d,Marvell-Suhali,2026-05-09,22:17:05,-07:00,2026-05-09T22:17:05-07:00,0,0
meta/main.js,30,js,3af4fa9d,Marvell-Suhali,2026-05-09,22:17:05,-07:00,2026-05-09T22:17:05-07:00,3,11
meta/main.js,31,js,3af4fa9d,Marvell-Suhali,2026-05-09,22:17:05,-07:00,2026-05-09T22:17:05-07:00,4,9
meta/main.js,32,js,3af4fa9d,Marvell-Suhali,2026-05-09,22:17:05,-07:00,2026-05-09T22:17:05-07:00,4,66
meta/main.js,33,js,3af4fa9d,Marvell-Suhali,2026-05-09,22:17:05,-07:00,2026-05-09T22:17:05-07:00,4,5
meta/main.js,34,js,3af4fa9d,Marvell-Suhali,2026-05-09,22:17:05,-07:00,2026-05-09T22:17:05-07:00,4,3
meta/main.js,35,js,3af4fa9d,Marvell-Suhali,2026-05-09,22:17:05,-07:00,2026-05-09T22:17:05-07:00,4,3
meta/main.js,36,js,3af4fa9d,Marvell-Suhali,2026-05-09,22:17:05,-07:00,2026-05-09T22:17:05-07:00,4,7
meta/main.js,37,js,3af4fa9d,Marvell-Suhali,2026-05-09,22:17:05,-07:00,2026-05-09T22:17:05-07:00,4,7
meta/main.js,38,js,3af4fa9d,Marvell-Suhali,2026-05-09,22:17:05,-07:00,2026-05-09T22:17:05-07:00,4,57
meta/main.js,39,js,3af4fa9d,Marvell-Suhali,2026-05-09,22:17:05,-07:00,2026-05-09T22:17:05-07:00,4,23
meta/main.js,40,js,3af4fa9d,Marvell-Suhali,2026-05-09,22:17:05,-07:00,2026-05-09T22:17:05-07:00,3,0
meta/main.js,41,js,3af4fa9d,Marvell-Suhali,2026-05-09,22:17:05,-07:00,2026-05-09T22:17:05-07:00,0,0
meta/main.js,42,js,3af4fa9d,Marvell-Suhali,2026-05-09,22:17:05,-07:00,2026-05-09T22:17:05-07:00,3,35
meta/main.js,43,js,3af4fa9d,Marvell-Suhali,2026-05-09,22:17:05,-07:00,2026-05-09T22:17:05-07:00,4,11
meta/main.js,44,js,3af4fa9d,Marvell-Suhali,2026-05-09,22:17:05,-07:00,2026-05-09T22:17:05-07:00,4,16
meta/main.js,45,js,3af4fa9d,Marvell-Suhali,2026-05-09,22:17:05,-07:00,2026-05-09T22:17:05-07:00,4,14
meta/main.js,46,js,3af4fa9d,Marvell-Suhali,2026-05-09,22:17:05,-07:00,2026-05-09T22:17:05-07:00,4,18
meta/main.js,47,js,3af4fa9d,Marvell-Suhali,2026-05-09,22:17:05,-07:00,2026-05-09T22:17:05-07:00,3,1
meta/main.js,48,js,3af4fa9d,Marvell-Suhali,2026-05-09,22:17:05,-07:00,2026-05-09T22:17:05-07:00,0,0
meta/main.js,49,js,3af4fa9d,Marvell-Suhali,2026-05-09,22:17:05,-07:00,2026-05-09T22:17:05-07:00,3,9
meta/main.js,50,js,3af4fa9d,Marvell-Suhali,2026-05-09,22:17:05,-07:00,2026-05-09T22:17:05-07:00,2,1
meta/main.js,51,js,3af4fa9d,Marvell-Suhali,2026-05-09,22:17:05,-07:00,2026-05-09T22:17:05-07:00,0,0
meta/main.js,52,js,3af4fa9d,Marvell-Suhali,2026-05-09,22:17:05,-07:00,2026-05-09T22:17:05-07:00,0,0
meta/main.js,53,js,3af4fa9d,Marvell-Suhali,2026-05-09,22:17:05,-07:00,2026-05-09T22:17:05-07:00,0,40
meta/main.js,54,js,3af4fa9d,Marvell-Suhali,2026-05-09,22:17:05,-07:00,2026-05-09T22:17:05-07:00,1,65
meta/main.js,55,js,3af4fa9d,Marvell-Suhali,2026-05-09,22:17:05,-07:00,2026-05-09T22:17:05-07:00,0,0
meta/main.js,56,js,3af4fa9d,Marvell-Suhali,2026-05-09,22:17:05,-07:00,2026-05-09T22:17:05-07:00,1,32
meta/main.js,57,js,3af4fa9d,Marvell-Suhali,2026-05-09,22:17:05,-07:00,2026-05-09T22:17:05-07:00,1,32
meta/main.js,58,js,3af4fa9d,Marvell-Suhali,2026-05-09,22:17:05,-07:00,2026-05-09T22:17:05-07:00,0,0
meta/main.js,59,js,3af4fa9d,Marvell-Suhali,2026-05-09,22:17:05,-07:00,2026-05-09T22:17:05-07:00,1,36
meta/main.js,60,js,3af4fa9d,Marvell-Suhali,2026-05-09,22:17:05,-07:00,2026-05-09T22:17:05-07:00,1,35
meta/main.js,61,js,3af4fa9d,Marvell-Suhali,2026-05-09,22:17:05,-07:00,2026-05-09T22:17:05-07:00,0,0
meta/main.js,62,js,3af4fa9d,Marvell-Suhali,2026-05-09,22:17:05,-07:00,2026-05-09T22:17:05-07:00,1,34
meta/main.js,63,js,3af4fa9d,Marvell-Suhali,2026-05-09,22:17:05,-07:00,2026-05-09T22:17:05-07:00,1,55
meta/main.js,64,js,3af4fa9d,Marvell-Suhali,2026-05-09,22:17:05,-07:00,2026-05-09T22:17:05-07:00,0,0
meta/main.js,65,js,3af4fa9d,Marvell-Suhali,2026-05-09,22:17:05,-07:00,2026-05-09T22:17:05-07:00,1,42
meta/main.js,66,js,3af4fa9d,Marvell-Suhali,2026-05-09,22:17:05,-07:00,2026-05-09T22:17:05-07:00,1,62
meta/main.js,67,js,3af4fa9d,Marvell-Suhali,2026-05-09,22:17:05,-07:00,2026-05-09T22:17:05-07:00,0,0
meta/main.js,68,js,3af4fa9d,Marvell-Suhali,2026-05-09,22:17:05,-07:00,2026-05-09T22:17:05-07:00,1,36
meta/main.js,69,js,3af4fa9d,Marvell-Suhali,2026-05-09,22:17:05,-07:00,2026-05-09T22:17:05-07:00,1,49
meta/main.js,70,js,3af4fa9d,Marvell-Suhali,2026-05-09,22:17:05,-07:00,2026-05-09T22:17:05-07:00,0,0
meta/main.js,71,js,3af4fa9d,Marvell-Suhali,2026-05-09,22:17:05,-07:00,2026-05-09T22:17:05-07:00,0,0
meta/main.js,72,js,3af4fa9d,Marvell-Suhali,2026-05-09,22:17:05,-07:00,2026-05-09T22:17:05-07:00,0,37
meta/main.js,73,js,3af4fa9d,Marvell-Suhali,2026-05-09,22:17:05,-07:00,2026-05-09T22:17:05-07:00,1,55
meta/main.js,74,js,3af4fa9d,Marvell-Suhali,2026-05-09,22:17:05,-07:00,2026-05-09T22:17:05-07:00,1,73
meta/main.js,75,js,3af4fa9d,Marvell-Suhali,2026-05-09,22:17:05,-07:00,2026-05-09T22:17:05-07:00,1,88
meta/main.js,76,js,3af4fa9d,Marvell-Suhali,2026-05-09,22:17:05,-07:00,2026-05-09T22:17:05-07:00,1,88
meta/main.js,77,js,3af4fa9d,Marvell-Suhali,2026-05-09,22:17:05,-07:00,2026-05-09T22:17:05-07:00,1,67
meta/main.js,78,js,3af4fa9d,Marvell-Suhali,2026-05-09,22:17:05,-07:00,2026-05-09T22:17:05-07:00,1,70
meta/main.js,79,js,3af4fa9d,Marvell-Suhali,2026-05-09,22:17:05,-07:00,2026-05-09T22:17:05-07:00,0,0
meta/main.js,80,js,3af4fa9d,Marvell-Suhali,2026-05-09,22:17:05,-07:00,2026-05-09T22:17:05-07:00,0,0
meta/main.js,81,js,3af4fa9d,Marvell-Suhali,2026-05-09,22:17:05,-07:00,2026-05-09T22:17:05-07:00,0,43
meta/main.js,82,js,3af4fa9d,Marvell-Suhali,2026-05-09,22:17:05,-07:00,2026-05-09T22:17:05-07:00,1,56
meta/main.js,83,js,3af4fa9d,Marvell-Suhali,2026-05-09,22:17:05,-07:00,2026-05-09T22:17:05-07:00,1,26
meta/main.js,84,js,3af4fa9d,Marvell-Suhali,2026-05-09,22:17:05,-07:00,2026-05-09T22:17:05-07:00,0,0
meta/main.js,85,js,3af4fa9d,Marvell-Suhali,2026-05-09,22:17:05,-07:00,2026-05-09T22:17:05-07:00,0,0
meta/main.js,86,js,3af4fa9d,Marvell-Suhali,2026-05-09,22:17:05,-07:00,2026-05-09T22:17:05-07:00,0,37
meta/main.js,87,js,3af4fa9d,Marvell-Suhali,2026-05-09,22:17:05,-07:00,2026-05-09T22:17:05-07:00,1,56
meta/main.js,88,js,3af4fa9d,Marvell-Suhali,2026-05-09,22:17:05,-07:00,2026-05-09T22:17:05-07:00,1,45
meta/main.js,89,js,3af4fa9d,Marvell-Suhali,2026-05-09,22:17:05,-07:00,2026-05-09T22:17:05-07:00,1,44
meta/main.js,90,js,3af4fa9d,Marvell-Suhali,2026-05-09,22:17:05,-07:00,2026-05-09T22:17:05-07:00,0,0
meta/main.js,91,js,3af4fa9d,Marvell-Suhali,2026-05-09,22:17:05,-07:00,2026-05-09T22:17:05-07:00,0,0
meta/main.js,92,js,3af4fa9d,Marvell-Suhali,2026-05-09,22:17:05,-07:00,2026-05-09T22:17:05-07:00,0,44
meta/main.js,93,js,3af4fa9d,Marvell-Suhali,2026-05-09,22:17:05,-07:00,2026-05-09T22:17:05-07:00,1,15
meta/main.js,94,js,3af4fa9d,Marvell-Suhali,2026-05-09,22:17:05,-07:00,2026-05-09T22:17:05-07:00,2,11
meta/main.js,95,js,3af4fa9d,Marvell-Suhali,2026-05-09,22:17:05,-07:00,2026-05-09T22:17:05-07:00,1,0
meta/main.js,96,js,3af4fa9d,Marvell-Suhali,2026-05-09,22:17:05,-07:00,2026-05-09T22:17:05-07:00,0,0
meta/main.js,97,js,3af4fa9d,Marvell-Suhali,2026-05-09,22:17:05,-07:00,2026-05-09T22:17:05-07:00,1,37
meta/main.js,98,js,3af4fa9d,Marvell-Suhali,2026-05-09,22:17:05,-07:00,2026-05-09T22:17:05-07:00,1,32
meta/main.js,99,js,3af4fa9d,Marvell-Suhali,2026-05-09,22:17:05,-07:00,2026-05-09T22:17:05-07:00,1,32
meta/main.js,100,js,3af4fa9d,Marvell-Suhali,2026-05-09,22:17:05,-07:00,2026-05-09T22:17:05-07:00,0,0
meta/main.js,101,js,3af4fa9d,Marvell-Suhali,2026-05-09,22:17:05,-07:00,2026-05-09T22:17:05-07:00,1,46
meta/main.js,102,js,3af4fa9d,Marvell-Suhali,2026-05-09,22:17:05,-07:00,2026-05-09T22:17:05-07:00,0,0
meta/main.js,103,js,3af4fa9d,Marvell-Suhali,2026-05-09,22:17:05,-07:00,2026-05-09T22:17:05-07:00,0,0
meta/main.js,104,js,3af4fa9d,Marvell-Suhali,2026-05-09,22:17:05,-07:00,2026-05-09T22:17:05-07:00,0,40
meta/main.js,105,js,3af4fa9d,Marvell-Suhali,2026-05-09,22:17:05,-07:00,2026-05-09T22:17:05-07:00,1,31
meta/main.js,106,js,3af4fa9d,Marvell-Suhali,2026-05-09,22:17:05,-07:00,2026-05-09T22:17:05-07:00,2,53
meta/main.js,107,js,3af4fa9d,Marvell-Suhali,2026-05-09,22:17:05,-07:00,2026-05-09T22:17:05-07:00,2,3
meta/main.js,108,js,3af4fa9d,Marvell-Suhali,2026-05-09,22:17:05,-07:00,2026-05-09T22:17:05-07:00,0,0
meta/main.js,109,js,3af4fa9d,Marvell-Suhali,2026-05-09,22:17:05,-07:00,2026-05-09T22:17:05-07:00,1,62
meta/main.js,110,js,3af4fa9d,Marvell-Suhali,2026-05-09,22:17:05,-07:00,2026-05-09T22:17:05-07:00,1,78
meta/main.js,111,js,3af4fa9d,Marvell-Suhali,2026-05-09,22:17:05,-07:00,2026-05-09T22:17:05-07:00,0,0
meta/main.js,112,js,3af4fa9d,Marvell-Suhali,2026-05-09,22:17:05,-07:00,2026-05-09T22:17:05-07:00,1,21
meta/main.js,113,js,3af4fa9d,Marvell-Suhali,2026-05-09,22:17:05,-07:00,2026-05-09T22:17:05-07:00,0,0
meta/main.js,114,js,3af4fa9d,Marvell-Suhali,2026-05-09,22:17:05,-07:00,2026-05-09T22:17:05-07:00,0,0
meta/main.js,115,js,3af4fa9d,Marvell-Suhali,2026-05-09,22:17:05,-07:00,2026-05-09T22:17:05-07:00,0,43
meta/main.js,116,js,3af4fa9d,Marvell-Suhali,2026-05-09,22:17:05,-07:00,2026-05-09T22:17:05-07:00,1,31
meta/main.js,117,js,3af4fa9d,Marvell-Suhali,2026-05-09,22:17:05,-07:00,2026-05-09T22:17:05-07:00,2,53
meta/main.js,118,js,3af4fa9d,Marvell-Suhali,2026-05-09,22:17:05,-07:00,2026-05-09T22:17:05-07:00,2,3
meta/main.js,119,js,3af4fa9d,Marvell-Suhali,2026-05-09,22:17:05,-07:00,2026-05-09T22:17:05-07:00,0,0
meta/main.js,120,js,3af4fa9d,Marvell-Suhali,2026-05-09,22:17:05,-07:00,2026-05-09T22:17:05-07:00,1,62
meta/main.js,121,js,3af4fa9d,Marvell-Suhali,2026-05-09,22:17:05,-07:00,2026-05-09T22:17:05-07:00,0,0
meta/main.js,122,js,3af4fa9d,Marvell-Suhali,2026-05-09,22:17:05,-07:00,2026-05-09T22:17:05-07:00,1,33
meta/main.js,123,js,3af4fa9d,Marvell-Suhali,2026-05-09,22:17:05,-07:00,2026-05-09T22:17:05-07:00,2,23
meta/main.js,124,js,3af4fa9d,Marvell-Suhali,2026-05-09,22:17:05,-07:00,2026-05-09T22:17:05-07:00,2,5
meta/main.js,125,js,3af4fa9d,Marvell-Suhali,2026-05-09,22:17:05,-07:00,2026-05-09T22:17:05-07:00,1,0
meta/main.js,126,js,3af4fa9d,Marvell-Suhali,2026-05-09,22:17:05,-07:00,2026-05-09T22:17:05-07:00,0,0
meta/main.js,127,js,3af4fa9d,Marvell-Suhali,2026-05-09,22:17:05,-07:00,2026-05-09T22:17:05-07:00,1,52
meta/main.js,128,js,3af4fa9d,Marvell-Suhali,2026-05-09,22:17:05,-07:00,2026-05-09T22:17:05-07:00,0,0
meta/main.js,129,js,3af4fa9d,Marvell-Suhali,2026-05-09,22:17:05,-07:00,2026-05-09T22:17:05-07:00,1,26
meta/main.js,130,js,3af4fa9d,Marvell-Suhali,2026-05-09,22:17:05,-07:00,2026-05-09T22:17:05-07:00,2,4
meta/main.js,131,js,3af4fa9d,Marvell-Suhali,2026-05-09,22:17:05,-07:00,2026-05-09T22:17:05-07:00,2,14
meta/main.js,132,js,3af4fa9d,Marvell-Suhali,2026-05-09,22:17:05,-07:00,2026-05-09T22:17:05-07:00,2,12
meta/main.js,133,js,3af4fa9d,Marvell-Suhali,2026-05-09,22:17:05,-07:00,2026-05-09T22:17:05-07:00,1,0
meta/main.js,134,js,3af4fa9d,Marvell-Suhali,2026-05-09,22:17:05,-07:00,2026-05-09T22:17:05-07:00,0,0
meta/main.js,135,js,3af4fa9d,Marvell-Suhali,2026-05-09,22:17:05,-07:00,2026-05-09T22:17:05-07:00,1,23
meta/main.js,136,js,3af4fa9d,Marvell-Suhali,2026-05-09,22:17:05,-07:00,2026-05-09T22:17:05-07:00,0,0
meta/main.js,137,js,3af4fa9d,Marvell-Suhali,2026-05-09,22:17:05,-07:00,2026-05-09T22:17:05-07:00,1,42
meta/main.js,138,js,3af4fa9d,Marvell-Suhali,2026-05-09,22:17:05,-07:00,2026-05-09T22:17:05-07:00,2,38
meta/main.js,139,js,3af4fa9d,Marvell-Suhali,2026-05-09,22:17:05,-07:00,2026-05-09T22:17:05-07:00,2,46
meta/main.js,140,js,3af4fa9d,Marvell-Suhali,2026-05-09,22:17:05,-07:00,2026-05-09T22:17:05-07:00,0,0
meta/main.js,141,js,3af4fa9d,Marvell-Suhali,2026-05-09,22:17:05,-07:00,2026-05-09T22:17:05-07:00,2,22
meta/main.js,142,js,3af4fa9d,Marvell-Suhali,2026-05-09,22:17:05,-07:00,2026-05-09T22:17:05-07:00,3,18
meta/main.js,143,js,3af4fa9d,Marvell-Suhali,2026-05-09,22:17:05,-07:00,2026-05-09T22:17:05-07:00,3,36
meta/main.js,144,js,3af4fa9d,Marvell-Suhali,2026-05-09,22:17:05,-07:00,2026-05-09T22:17:05-07:00,2,0
meta/main.js,145,js,3af4fa9d,Marvell-Suhali,2026-05-09,22:17:05,-07:00,2026-05-09T22:17:05-07:00,1,0
meta/main.js,146,js,3af4fa9d,Marvell-Suhali,2026-05-09,22:17:05,-07:00,2026-05-09T22:17:05-07:00,0,0
meta/main.js,147,js,3af4fa9d,Marvell-Suhali,2026-05-09,22:17:05,-07:00,2026-05-09T22:17:05-07:00,0,0
meta/main.js,148,js,3af4fa9d,Marvell-Suhali,2026-05-09,22:17:05,-07:00,2026-05-09T22:17:05-07:00,0,23
meta/main.js,149,js,3af4fa9d,Marvell-Suhali,2026-05-09,22:17:05,-07:00,2026-05-09T22:17:05-07:00,1,32
meta/main.js,150,js,3af4fa9d,Marvell-Suhali,2026-05-09,22:17:05,-07:00,2026-05-09T22:17:05-07:00,0,0
meta/main.js,151,js,3af4fa9d,Marvell-Suhali,2026-05-09,22:17:05,-07:00,2026-05-09T22:17:05-07:00,1,47
meta/main.js,152,js,3af4fa9d,Marvell-Suhali,2026-05-09,22:17:05,-07:00,2026-05-09T22:17:05-07:00,2,29
meta/main.js,153,js,3af4fa9d,Marvell-Suhali,2026-05-09,22:17:05,-07:00,2026-05-09T22:17:05-07:00,1,0
meta/main.js,154,js,3af4fa9d,Marvell-Suhali,2026-05-09,22:17:05,-07:00,2026-05-09T22:17:05-07:00,0,0
meta/main.js,155,js,3af4fa9d,Marvell-Suhali,2026-05-09,22:17:05,-07:00,2026-05-09T22:17:05-07:00,1,30
meta/main.js,156,js,3af4fa9d,Marvell-Suhali,2026-05-09,22:17:05,-07:00,2026-05-09T22:17:05-07:00,1,33
meta/main.js,157,js,3af4fa9d,Marvell-Suhali,2026-05-09,22:17:05,-07:00,2026-05-09T22:17:05-07:00,0,0
meta/main.js,158,js,3af4fa9d,Marvell-Suhali,2026-05-09,22:17:05,-07:00,2026-05-09T22:17:05-07:00,0,0
meta/main.js,159,js,3af4fa9d,Marvell-Suhali,2026-05-09,22:17:05,-07:00,2026-05-09T22:17:05-07:00,0,35
meta/main.js,160,js,3af4fa9d,Marvell-Suhali,2026-05-09,22:17:05,-07:00,2026-05-09T22:17:05-07:00,1,17
meta/main.js,161,js,3af4fa9d,Marvell-Suhali,2026-05-09,22:17:05,-07:00,2026-05-09T22:17:05-07:00,1,17
meta/main.js,162,js,3af4fa9d,Marvell-Suhali,2026-05-09,22:17:05,-07:00,2026-05-09T22:17:05-07:00,0,0
meta/main.js,163,js,3af4fa9d,Marvell-Suhali,2026-05-09,22:17:05,-07:00,2026-05-09T22:17:05-07:00,1,58
meta/main.js,164,js,3af4fa9d,Marvell-Suhali,2026-05-09,22:17:05,-07:00,2026-05-09T22:17:05-07:00,0,0
meta/main.js,165,js,3af4fa9d,Marvell-Suhali,2026-05-09,22:17:05,-07:00,2026-05-09T22:17:05-07:00,1,18
meta/main.js,166,js,3af4fa9d,Marvell-Suhali,2026-05-09,22:17:05,-07:00,2026-05-09T22:17:05-07:00,2,14
meta/main.js,167,js,3af4fa9d,Marvell-Suhali,2026-05-09,22:17:05,-07:00,2026-05-09T22:17:05-07:00,2,26
meta/main.js,168,js,3af4fa9d,Marvell-Suhali,2026-05-09,22:17:05,-07:00,2026-05-09T22:17:05-07:00,2,29
meta/main.js,169,js,3af4fa9d,Marvell-Suhali,2026-05-09,22:17:05,-07:00,2026-05-09T22:17:05-07:00,2,16
meta/main.js,170,js,3af4fa9d,Marvell-Suhali,2026-05-09,22:17:05,-07:00,2026-05-09T22:17:05-07:00,2,40
meta/main.js,171,js,3af4fa9d,Marvell-Suhali,2026-05-09,22:17:05,-07:00,2026-05-09T22:17:05-07:00,2,42
meta/main.js,172,js,3af4fa9d,Marvell-Suhali,2026-05-09,22:17:05,-07:00,2026-05-09T22:17:05-07:00,1,0
meta/main.js,173,js,3af4fa9d,Marvell-Suhali,2026-05-09,22:17:05,-07:00,2026-05-09T22:17:05-07:00,0,0
meta/main.js,174,js,3af4fa9d,Marvell-Suhali,2026-05-09,22:17:05,-07:00,2026-05-09T22:17:05-07:00,1,12
meta/main.js,175,js,3af4fa9d,Marvell-Suhali,2026-05-09,22:17:05,-07:00,2026-05-09T22:17:05-07:00,2,15
meta/main.js,176,js,3af4fa9d,Marvell-Suhali,2026-05-09,22:17:05,-07:00,2026-05-09T22:17:05-07:00,2,12
meta/main.js,177,js,3af4fa9d,Marvell-Suhali,2026-05-09,22:17:05,-07:00,2026-05-09T22:17:05-07:00,2,40
meta/main.js,178,js,3af4fa9d,Marvell-Suhali,2026-05-09,22:17:05,-07:00,2026-05-09T22:17:05-07:00,2,28
meta/main.js,179,js,3af4fa9d,Marvell-Suhali,2026-05-09,22:17:05,-07:00,2026-05-09T22:17:05-07:00,0,0
meta/main.js,180,js,3af4fa9d,Marvell-Suhali,2026-05-09,22:17:05,-07:00,2026-05-09T22:17:05-07:00,1,9
meta/main.js,181,js,3af4fa9d,Marvell-Suhali,2026-05-09,22:17:05,-07:00,2026-05-09T22:17:05-07:00,2,10
meta/main.js,182,js,3af4fa9d,Marvell-Suhali,2026-05-09,22:17:05,-07:00,2026-05-09T22:17:05-07:00,2,44
meta/main.js,183,js,3af4fa9d,Marvell-Suhali,2026-05-09,22:17:05,-07:00,2026-05-09T22:17:05-07:00,2,41
meta/main.js,184,js,3af4fa9d,Marvell-Suhali,2026-05-09,22:17:05,-07:00,2026-05-09T22:17:05-07:00,2,6
meta/main.js,185,js,3af4fa9d,Marvell-Suhali,2026-05-09,22:17:05,-07:00,2026-05-09T22:17:05-07:00,0,0
meta/main.js,186,js,3af4fa9d,Marvell-Suhali,2026-05-09,22:17:05,-07:00,2026-05-09T22:17:05-07:00,1,9
meta/main.js,187,js,3af4fa9d,Marvell-Suhali,2026-05-09,22:17:05,-07:00,2026-05-09T22:17:05-07:00,2,12
meta/main.js,188,js,3af4fa9d,Marvell-Suhali,2026-05-09,22:17:05,-07:00,2026-05-09T22:17:05-07:00,2,14
meta/main.js,189,js,3af4fa9d,Marvell-Suhali,2026-05-09,22:17:05,-07:00,2026-05-09T22:17:05-07:00,2,42
meta/main.js,190,js,3af4fa9d,Marvell-Suhali,2026-05-09,22:17:05,-07:00,2026-05-09T22:17:05-07:00,0,0
meta/main.js,191,js,3af4fa9d,Marvell-Suhali,2026-05-09,22:17:05,-07:00,2026-05-09T22:17:05-07:00,1,67
meta/main.js,192,js,3af4fa9d,Marvell-Suhali,2026-05-09,22:17:05,-07:00,2026-05-09T22:17:05-07:00,0,0
meta/main.js,193,js,3af4fa9d,Marvell-Suhali,2026-05-09,22:17:05,-07:00,2026-05-09T22:17:05-07:00,1,15
meta/main.js,194,js,3af4fa9d,Marvell-Suhali,2026-05-09,22:17:05,-07:00,2026-05-09T22:17:05-07:00,2,10
meta/main.js,195,js,3af4fa9d,Marvell-Suhali,2026-05-09,22:17:05,-07:00,2026-05-09T22:17:05-07:00,2,27
meta/main.js,196,js,3af4fa9d,Marvell-Suhali,2026-05-09,22:17:05,-07:00,2026-05-09T22:17:05-07:00,2,14
meta/main.js,197,js,3af4fa9d,Marvell-Suhali,2026-05-09,22:17:05,-07:00,2026-05-09T22:17:05-07:00,0,0
meta/main.js,198,js,3af4fa9d,Marvell-Suhali,2026-05-09,22:17:05,-07:00,2026-05-09T22:17:05-07:00,1,1
meta/main.js,199,js,3af4fa9d,Marvell-Suhali,2026-05-09,22:17:05,-07:00,2026-05-09T22:17:05-07:00,2,10
meta/main.js,200,js,3af4fa9d,Marvell-Suhali,2026-05-09,22:17:05,-07:00,2026-05-09T22:17:05-07:00,2,25
meta/main.js,201,js,3af4fa9d,Marvell-Suhali,2026-05-09,22:17:05,-07:00,2026-05-09T22:17:05-07:00,2,52
meta/main.js,202,js,3af4fa9d,Marvell-Suhali,2026-05-09,22:17:05,-07:00,2026-05-09T22:17:05-07:00,2,4
meta/main.js,203,js,3af4fa9d,Marvell-Suhali,2026-05-09,22:17:05,-07:00,2026-05-09T22:17:05-07:00,3,17
meta/main.js,204,js,3af4fa9d,Marvell-Suhali,2026-05-09,22:17:05,-07:00,2026-05-09T22:17:05-07:00,4,13
meta/main.js,205,js,3af4fa9d,Marvell-Suhali,2026-05-09,22:17:05,-07:00,2026-05-09T22:17:05-07:00,4,27
meta/main.js,206,js,3af4fa9d,Marvell-Suhali,2026-05-09,22:17:05,-07:00,2026-05-09T22:17:05-07:00,2,0
meta/main.js,207,js,3af4fa9d,Marvell-Suhali,2026-05-09,22:17:05,-07:00,2026-05-09T22:17:05-07:00,0,0
meta/main.js,208,js,3af4fa9d,Marvell-Suhali,2026-05-09,22:17:05,-07:00,2026-05-09T22:17:05-07:00,1,1
meta/main.js,209,js,3af4fa9d,Marvell-Suhali,2026-05-09,22:17:05,-07:00,2026-05-09T22:17:05-07:00,2,10
meta/main.js,210,js,3af4fa9d,Marvell-Suhali,2026-05-09,22:17:05,-07:00,2026-05-09T22:17:05-07:00,2,54
meta/main.js,211,js,3af4fa9d,Marvell-Suhali,2026-05-09,22:17:05,-07:00,2026-05-09T22:17:05-07:00,2,27
meta/main.js,212,js,3af4fa9d,Marvell-Suhali,2026-05-09,22:17:05,-07:00,2026-05-09T22:17:05-07:00,0,0
meta/main.js,213,js,3af4fa9d,Marvell-Suhali,2026-05-09,22:17:05,-07:00,2026-05-09T22:17:05-07:00,1,1
meta/main.js,214,js,3af4fa9d,Marvell-Suhali,2026-05-09,22:17:05,-07:00,2026-05-09T22:17:05-07:00,2,10
meta/main.js,215,js,3af4fa9d,Marvell-Suhali,2026-05-09,22:17:05,-07:00,2026-05-09T22:17:05-07:00,2,52
meta/main.js,216,js,3af4fa9d,Marvell-Suhali,2026-05-09,22:17:05,-07:00,2026-05-09T22:17:05-07:00,2,4
meta/main.js,217,js,3af4fa9d,Marvell-Suhali,2026-05-09,22:17:05,-07:00,2026-05-09T22:17:05-07:00,3,17
meta/main.js,218,js,3af4fa9d,Marvell-Suhali,2026-05-09,22:17:05,-07:00,2026-05-09T22:17:05-07:00,4,58
meta/main.js,219,js,3af4fa9d,Marvell-Suhali,2026-05-09,22:17:05,-07:00,2026-05-09T22:17:05-07:00,2,0
meta/main.js,220,js,3af4fa9d,Marvell-Suhali,2026-05-09,22:17:05,-07:00,2026-05-09T22:17:05-07:00,0,0
meta/main.js,221,js,3af4fa9d,Marvell-Suhali,2026-05-09,22:17:05,-07:00,2026-05-09T22:17:05-07:00,1,49
meta/main.js,222,js,3af4fa9d,Marvell-Suhali,2026-05-09,22:17:05,-07:00,2026-05-09T22:17:05-07:00,0,0
meta/main.js,223,js,3af4fa9d,Marvell-Suhali,2026-05-09,22:17:05,-07:00,2026-05-09T22:17:05-07:00,1,59
meta/main.js,224,js,3af4fa9d,Marvell-Suhali,2026-05-09,22:17:05,-07:00,2026-05-09T22:17:05-07:00,0,0
meta/main.js,225,js,3af4fa9d,Marvell-Suhali,2026-05-09,22:17:05,-07:00,2026-05-09T22:17:05-07:00,1,2
meta/main.js,226,js,3af4fa9d,Marvell-Suhali,2026-05-09,22:17:05,-07:00,2026-05-09T22:17:05-07:00,2,18
meta/main.js,227,js,3af4fa9d,Marvell-Suhali,2026-05-09,22:17:05,-07:00,2026-05-09T22:17:05-07:00,2,18
meta/main.js,228,js,3af4fa9d,Marvell-Suhali,2026-05-09,22:17:05,-07:00,2026-05-09T22:17:05-07:00,2,13
meta/main.js,229,js,3af4fa9d,Marvell-Suhali,2026-05-09,22:17:05,-07:00,2026-05-09T22:17:05-07:00,2,36
meta/main.js,230,js,3af4fa9d,Marvell-Suhali,2026-05-09,22:17:05,-07:00,2026-05-09T22:17:05-07:00,2,36
meta/main.js,231,js,3af4fa9d,Marvell-Suhali,2026-05-09,22:17:05,-07:00,2026-05-09T22:17:05-07:00,2,37
meta/main.js,232,js,3af4fa9d,Marvell-Suhali,2026-05-09,22:17:05,-07:00,2026-05-09T22:17:05-07:00,2,24
meta/main.js,233,js,3af4fa9d,Marvell-Suhali,2026-05-09,22:17:05,-07:00,2026-05-09T22:17:05-07:00,2,25
meta/main.js,234,js,3af4fa9d,Marvell-Suhali,2026-05-09,22:17:05,-07:00,2026-05-09T22:17:05-07:00,2,36
meta/main.js,235,js,3af4fa9d,Marvell-Suhali,2026-05-09,22:17:05,-07:00,2026-05-09T22:17:05-07:00,3,54
meta/main.js,236,js,3af4fa9d,Marvell-Suhali,2026-05-09,22:17:05,-07:00,2026-05-09T22:17:05-07:00,3,27
meta/main.js,237,js,3af4fa9d,Marvell-Suhali,2026-05-09,22:17:05,-07:00,2026-05-09T22:17:05-07:00,3,28
meta/main.js,238,js,3af4fa9d,Marvell-Suhali,2026-05-09,22:17:05,-07:00,2026-05-09T22:17:05-07:00,3,27
meta/main.js,239,js,3af4fa9d,Marvell-Suhali,2026-05-09,22:17:05,-07:00,2026-05-09T22:17:05-07:00,2,0
meta/main.js,240,js,3af4fa9d,Marvell-Suhali,2026-05-09,22:17:05,-07:00,2026-05-09T22:17:05-07:00,2,27
meta/main.js,241,js,3af4fa9d,Marvell-Suhali,2026-05-09,22:17:05,-07:00,2026-05-09T22:17:05-07:00,3,27
meta/main.js,242,js,3af4fa9d,Marvell-Suhali,2026-05-09,22:17:05,-07:00,2026-05-09T22:17:05-07:00,2,0
meta/main.js,243,js,3af4fa9d,Marvell-Suhali,2026-05-09,22:17:05,-07:00,2026-05-09T22:17:05-07:00,2,28
meta/main.js,244,js,3af4fa9d,Marvell-Suhali,2026-05-09,22:17:05,-07:00,2026-05-09T22:17:05-07:00,3,56
meta/main.js,245,js,3af4fa9d,Marvell-Suhali,2026-05-09,22:17:05,-07:00,2026-05-09T22:17:05-07:00,3,29
meta/main.js,246,js,3af4fa9d,Marvell-Suhali,2026-05-09,22:17:05,-07:00,2026-05-09T22:17:05-07:00,2,1
meta/main.js,247,js,3af4fa9d,Marvell-Suhali,2026-05-09,22:17:05,-07:00,2026-05-09T22:17:05-07:00,0,0
meta/main.js,248,js,3af4fa9d,Marvell-Suhali,2026-05-09,22:17:05,-07:00,2026-05-09T22:17:05-07:00,1,50
meta/main.js,249,js,3af4fa9d,Marvell-Suhali,2026-05-09,22:17:05,-07:00,2026-05-09T22:17:05-07:00,0,0
meta/main.js,250,js,3af4fa9d,Marvell-Suhali,2026-05-09,22:17:05,-07:00,2026-05-09T22:17:05-07:00,0,0
meta/main.js,251,js,3af4fa9d,Marvell-Suhali,2026-05-09,22:17:05,-07:00,2026-05-09T22:17:05-07:00,0,22
meta/main.js,252,js,3af4fa9d,Marvell-Suhali,2026-05-09,22:17:05,-07:00,2026-05-09T22:17:05-07:00,0,29
meta/main.js,253,js,3af4fa9d,Marvell-Suhali,2026-05-09,22:17:05,-07:00,2026-05-09T22:17:05-07:00,0,0
meta/main.js,254,js,3af4fa9d,Marvell-Suhali,2026-05-09,22:17:05,-07:00,2026-05-09T22:17:05-07:00,0,30
meta/main.js,255,js,3af4fa9d,Marvell-Suhali,2026-05-09,22:17:05,-07:00,2026-05-09T22:17:05-07:00,0,25
meta/index.html,1,html,b9c9a4fd,Marvell-Suhali,2026-05-09,22:14:33,-07:00,2026-05-09T22:14:33-07:00,0,13
meta/index.html,2,html,b9c9a4fd,Marvell-Suhali,2026-05-09,22:14:33,-07:00,2026-05-09T22:14:33-07:00,0,14
meta/index.html,3,html,b9c9a4fd,Marvell-Suhali,2026-05-09,22:14:33,-07:00,2026-05-09T22:14:33-07:00,0,4
meta/index.html,4,html,b9c9a4fd,Marvell-Suhali,2026-05-09,22:14:33,-07:00,2026-05-09T22:14:33-07:00,1,22
meta/index.html,5,html,b9c9a4fd,Marvell-Suhali,2026-05-09,22:14:33,-07:00,2026-05-09T22:14:33-07:00,1,17
meta/index.html,6,html,b9c9a4fd,Marvell-Suhali,2026-05-09,22:14:33,-07:00,2026-05-09T22:14:33-07:00,0,0
meta/index.html,7,html,b9c9a4fd,Marvell-Suhali,2026-05-09,22:14:33,-07:00,2026-05-09T22:14:33-07:00,1,43
meta/index.html,8,html,b9c9a4fd,Marvell-Suhali,2026-05-09,22:14:33,-07:00,2026-05-09T22:14:33-07:00,0,0
meta/index.html,9,html,b9c9a4fd,Marvell-Suhali,2026-05-09,22:14:33,-07:00,2026-05-09T22:14:33-07:00,1,48
meta/index.html,10,html,b9c9a4fd,Marvell-Suhali,2026-05-09,22:14:33,-07:00,2026-05-09T22:14:33-07:00,1,45
meta/index.html,11,html,b9c9a4fd,Marvell-Suhali,2026-05-09,22:14:33,-07:00,2026-05-09T22:14:33-07:00,0,5
meta/index.html,12,html,b9c9a4fd,Marvell-Suhali,2026-05-09,22:14:33,-07:00,2026-05-09T22:14:33-07:00,0,0
meta/index.html,13,html,b9c9a4fd,Marvell-Suhali,2026-05-09,22:14:33,-07:00,2026-05-09T22:14:33-07:00,0,4
meta/index.html,14,html,b9c9a4fd,Marvell-Suhali,2026-05-09,22:14:33,-07:00,2026-05-09T22:14:33-07:00,1,11
meta/index.html,15,html,b9c9a4fd,Marvell-Suhali,2026-05-09,22:14:33,-07:00,2026-05-09T22:14:33-07:00,1,61
meta/index.html,16,html,b9c9a4fd,Marvell-Suhali,2026-05-09,22:14:33,-07:00,2026-05-09T22:14:33-07:00,0,0
meta/index.html,17,html,b9c9a4fd,Marvell-Suhali,2026-05-09,22:14:33,-07:00,2026-05-09T22:14:33-07:00,1,20
meta/index.html,18,html,b9c9a4fd,Marvell-Suhali,2026-05-09,22:14:33,-07:00,2026-05-09T22:14:33-07:00,1,20
meta/index.html,19,html,b9c9a4fd,Marvell-Suhali,2026-05-09,22:14:33,-07:00,2026-05-09T22:14:33-07:00,0,0
meta/index.html,20,html,b9c9a4fd,Marvell-Suhali,2026-05-09,22:14:33,-07:00,2026-05-09T22:14:33-07:00,1,29
meta/index.html,21,html,b9c9a4fd,Marvell-Suhali,2026-05-09,22:14:33,-07:00,2026-05-09T22:14:33-07:00,1,20
meta/index.html,22,html,b9c9a4fd,Marvell-Suhali,2026-05-09,22:14:33,-07:00,2026-05-09T22:14:33-07:00,0,0
meta/index.html,23,html,b9c9a4fd,Marvell-Suhali,2026-05-09,22:14:33,-07:00,2026-05-09T22:14:33-07:00,1,50
meta/index.html,24,html,b9c9a4fd,Marvell-Suhali,2026-05-09,22:14:33,-07:00,2026-05-09T22:14:33-07:00,2,13
meta/index.html,25,html,b9c9a4fd,Marvell-Suhali,2026-05-09,22:14:33,-07:00,2026-05-09T22:14:33-07:00,2,55
meta/index.html,26,html,b9c9a4fd,Marvell-Suhali,2026-05-09,22:14:33,-07:00,2026-05-09T22:14:33-07:00,0,0
meta/index.html,27,html,b9c9a4fd,Marvell-Suhali,2026-05-09,22:14:33,-07:00,2026-05-09T22:14:33-07:00,2,11
meta/index.html,28,html,b9c9a4fd,Marvell-Suhali,2026-05-09,22:14:33,-07:00,2026-05-09T22:14:33-07:00,2,24
meta/index.html,29,html,b9c9a4fd,Marvell-Suhali,2026-05-09,22:14:33,-07:00,2026-05-09T22:14:33-07:00,0,0
meta/index.html,30,html,b9c9a4fd,Marvell-Suhali,2026-05-09,22:14:33,-07:00,2026-05-09T22:14:33-07:00,2,11
meta/index.html,31,html,b9c9a4fd,Marvell-Suhali,2026-05-09,22:14:33,-07:00,2026-05-09T22:14:33-07:00,2,24
meta/index.html,32,html,b9c9a4fd,Marvell-Suhali,2026-05-09,22:14:33,-07:00,2026-05-09T22:14:33-07:00,0,0
meta/index.html,33,html,b9c9a4fd,Marvell-Suhali,2026-05-09,22:14:33,-07:00,2026-05-09T22:14:33-07:00,2,13
meta/index.html,34,html,b9c9a4fd,Marvell-Suhali,2026-05-09,22:14:33,-07:00,2026-05-09T22:14:33-07:00,2,26
meta/index.html,35,html,b9c9a4fd,Marvell-Suhali,2026-05-09,22:14:33,-07:00,2026-05-09T22:14:33-07:00,0,0
meta/index.html,36,html,b9c9a4fd,Marvell-Suhali,2026-05-09,22:14:33,-07:00,2026-05-09T22:14:33-07:00,2,19
meta/index.html,37,html,b9c9a4fd,Marvell-Suhali,2026-05-09,22:14:33,-07:00,2026-05-09T22:14:33-07:00,2,25
meta/index.html,38,html,b9c9a4fd,Marvell-Suhali,2026-05-09,22:14:33,-07:00,2026-05-09T22:14:33-07:00,1,3
meta/index.html,39,html,b9c9a4fd,Marvell-Suhali,2026-05-09,22:14:33,-07:00,2026-05-09T22:14:33-07:00,0,0
meta/index.html,40,html,b9c9a4fd,Marvell-Suhali,2026-05-09,22:14:33,-07:00,2026-05-09T22:14:33-07:00,1,45
meta/index.html,41,html,b9c9a4fd,Marvell-Suhali,2026-05-09,22:14:33,-07:00,2026-05-09T22:14:33-07:00,0,0
meta/index.html,42,html,b9c9a4fd,Marvell-Suhali,2026-05-09,22:14:33,-07:00,2026-05-09T22:14:33-07:00,1,45
meta/index.html,43,html,b9c9a4fd,Marvell-Suhali,2026-05-09,22:14:33,-07:00,2026-05-09T22:14:33-07:00,0,5
meta/index.html,44,html,b9c9a4fd,Marvell-Suhali,2026-05-09,22:14:33,-07:00,2026-05-09T22:14:33-07:00,0,5
contact/index.html,1,html,70ac688a,Marvell-Suhali,2026-04-03,19:17:10,-07:00,2026-04-03T19:17:10-07:00,0,13
contact/index.html,2,html,70ac688a,Marvell-Suhali,2026-04-03,19:17:10,-07:00,2026-04-03T19:17:10-07:00,0,14
contact/index.html,3,html,70ac688a,Marvell-Suhali,2026-04-03,19:17:10,-07:00,2026-04-03T19:17:10-07:00,0,4
contact/index.html,4,html,70ac688a,Marvell-Suhali,2026-04-03,19:17:10,-07:00,2026-04-03T19:17:10-07:00,1,20
contact/index.html,5,html,d07c74e0,Marvell-Suhali,2026-04-12,20:56:47,-07:00,2026-04-12T20:56:47-07:00,1,68
contact/index.html,6,html,70ac688a,Marvell-Suhali,2026-04-03,19:17:10,-07:00,2026-04-03T19:17:10-07:00,1,20
contact/index.html,7,html,75ad2a93,Marvell-Suhali,2026-04-17,14:23:11,-07:00,2026-04-17T14:23:11-07:00,0,0
contact/index.html,8,html,70ac688a,Marvell-Suhali,2026-04-03,19:17:10,-07:00,2026-04-03T19:17:10-07:00,1,41
contact/index.html,9,html,75ad2a93,Marvell-Suhali,2026-04-17,14:23:11,-07:00,2026-04-17T14:23:11-07:00,1,48
contact/index.html,10,html,70ac688a,Marvell-Suhali,2026-04-03,19:17:10,-07:00,2026-04-03T19:17:10-07:00,0,5
contact/index.html,11,html,75ad2a93,Marvell-Suhali,2026-04-17,14:23:11,-07:00,2026-04-17T14:23:11-07:00,0,0
contact/index.html,12,html,70ac688a,Marvell-Suhali,2026-04-03,19:17:10,-07:00,2026-04-03T19:17:10-07:00,0,4
contact/index.html,13,html,70ac688a,Marvell-Suhali,2026-04-03,19:17:10,-07:00,2026-04-03T19:17:10-07:00,0,0
contact/index.html,14,html,70ac688a,Marvell-Suhali,2026-04-03,19:17:10,-07:00,2026-04-03T19:17:10-07:00,1,14
contact/index.html,15,html,70ac688a,Marvell-Suhali,2026-04-03,19:17:10,-07:00,2026-04-03T19:17:10-07:00,0,0
contact/index.html,16,html,70ac688a,Marvell-Suhali,2026-04-03,19:17:10,-07:00,2026-04-03T19:17:10-07:00,1,72
contact/index.html,17,html,75ad2a93,Marvell-Suhali,2026-04-17,14:23:11,-07:00,2026-04-17T14:23:11-07:00,2,0
contact/index.html,18,html,70ac688a,Marvell-Suhali,2026-04-03,19:17:10,-07:00,2026-04-03T19:17:10-07:00,2,5
contact/index.html,19,html,d07c74e0,Marvell-Suhali,2026-04-12,20:56:47,-07:00,2026-04-12T20:56:47-07:00,3,9
contact/index.html,20,html,75ad2a93,Marvell-Suhali,2026-04-17,14:23:11,-07:00,2026-04-17T14:23:11-07:00,3,40
contact/index.html,21,html,70ac688a,Marvell-Suhali,2026-04-03,19:17:10,-07:00,2026-04-03T19:17:10-07:00,2,6
contact/index.html,22,html,70ac688a,Marvell-Suhali,2026-04-03,19:17:10,-07:00,2026-04-03T19:17:10-07:00,0,0
contact/index.html,23,html,70ac688a,Marvell-Suhali,2026-04-03,19:17:10,-07:00,2026-04-03T19:17:10-07:00,2,5
contact/index.html,24,html,d07c74e0,Marvell-Suhali,2026-04-12,20:56:47,-07:00,2026-04-12T20:56:47-07:00,3,6
contact/index.html,25,html,75ad2a93,Marvell-Suhali,2026-04-17,14:23:11,-07:00,2026-04-17T14:23:11-07:00,3,41
contact/index.html,26,html,70ac688a,Marvell-Suhali,2026-04-03,19:17:10,-07:00,2026-04-03T19:17:10-07:00,2,6
contact/index.html,27,html,70ac688a,Marvell-Suhali,2026-04-03,19:17:10,-07:00,2026-04-03T19:17:10-07:00,0,0
contact/index.html,28,html,70ac688a,Marvell-Suhali,2026-04-03,19:17:10,-07:00,2026-04-03T19:17:10-07:00,2,5
contact/index.html,29,html,d07c74e0,Marvell-Suhali,2026-04-12,20:56:47,-07:00,2026-04-12T20:56:47-07:00,3,6
contact/index.html,30,html,75ad2a93,Marvell-Suhali,2026-04-17,14:23:11,-07:00,2026-04-17T14:23:11-07:00,3,40
contact/index.html,31,html,70ac688a,Marvell-Suhali,2026-04-03,19:17:10,-07:00,2026-04-03T19:17:10-07:00,2,6
contact/index.html,32,html,70ac688a,Marvell-Suhali,2026-04-03,19:17:10,-07:00,2026-04-03T19:17:10-07:00,0,0
contact/index.html,33,html,70ac688a,Marvell-Suhali,2026-04-03,19:17:10,-07:00,2026-04-03T19:17:10-07:00,2,33
contact/index.html,34,html,75ad2a93,Marvell-Suhali,2026-04-17,14:23:11,-07:00,2026-04-17T14:23:11-07:00,0,0
contact/index.html,35,html,70ac688a,Marvell-Suhali,2026-04-03,19:17:10,-07:00,2026-04-03T19:17:10-07:00,1,5
contact/index.html,36,html,75ad2a93,Marvell-Suhali,2026-04-17,14:23:11,-07:00,2026-04-17T14:23:11-07:00,0,0
contact/index.html,37,html,70ac688a,Marvell-Suhali,2026-04-03,19:17:10,-07:00,2026-04-03T19:17:10-07:00,0,5
contact/index.html,38,html,70ac688a,Marvell-Suhali,2026-04-03,19:17:10,-07:00,2026-04-03T19:17:10-07:00,0,5
